Epiyear,Epiweek,Start,End,Cholera,Paratyphoid,Typhoid,Acute Viral Hepatitis A,Acute Viral Hepatitis E,Poliomyelitis,Plague,Yellow Fever,Dengue,DHF,Malaria,Chikungunya,HFMD,Diphtheria,Measles,Mumps,Rubella,SARS,Nipah,Acute Viral hepatitis B,Encephalitis,Legionellosis,Campylobacter enteritis,Acute Viral hepatitis C,Leptospirosis,Melioidosis,Meningococcal Infection,Pertussis,Pneumococcal Disease (invasive),Haemophilus influenzae type b,Salmonellosis(non-enteric fevers),Avian Influenza,Zika,Ebola Virus Disease,Japanese Encephalitis,Tetanus,Botulism,Murine Typhus,Acute Upper Respiratory Tract infections,Acute Conjunctivitis,Acute Diarrhoea,Chickenpox
2012,1,2012-01-01T00:00:00Z,2012-01-07T00:00:00Z,0,1,6,1,3,0,0,0,74,0,1,0,326,0,2,11,1,0,0,0,0,0,6,0,NA,0,0,2,3,0,26,0,NA,NA,NA,NA,NA,NA,2932.222222222222,119.77777777777777,490.8888888888889,18
2012,2,2012-01-08T00:00:00Z,2012-01-14T00:00:00Z,0,1,3,2,0,0,0,0,64,2,2,1,346,0,1,10,2,0,0,0,0,0,7,0,NA,1,0,0,3,0,24,0,NA,NA,NA,NA,NA,NA,3188.7272727272725,113.81818181818181,575.0909090909091,19.09090909090909
2012,3,2012-01-15T00:00:00Z,2012-01-21T00:00:00Z,0,1,5,3,0,0,0,0,60,1,2,1,463,0,2,15,4,0,0,0,3,0,9,0,NA,1,0,5,3,0,21,0,NA,NA,NA,NA,NA,NA,3184.5454545454545,106,538.9090909090909,16.363636363636363
2012,4,2012-01-22T00:00:00Z,2012-01-28T00:00:00Z,0,1,1,3,2,0,0,0,50,2,3,0,372,0,0,8,2,0,0,1,1,1,8,0,NA,1,0,0,2,0,12,0,NA,NA,NA,NA,NA,NA,4000.5714285714284,118,614.5714285714286,24.285714285714285
2012,5,2012-01-29T00:00:00Z,2012-02-04T00:00:00Z,0,3,5,2,0,0,0,0,84,1,1,0,444,0,2,12,0,0,0,1,0,0,8,0,NA,0,0,1,5,0,37,0,NA,NA,NA,NA,NA,NA,3355.818181818182,109.63636363636364,558.5454545454545,17.636363636363637
2012,6,2012-02-05T00:00:00Z,2012-02-11T00:00:00Z,0,2,0,0,4,0,0,0,87,0,2,0,683,0,4,12,2,0,0,1,2,1,5,0,NA,1,0,0,4,0,40,0,NA,NA,NA,NA,NA,NA,3357.6363636363635,111.0909090909091,556.9090909090909,20
2012,7,2012-02-12T00:00:00Z,2012-02-18T00:00:00Z,0,1,2,0,2,0,0,0,65,0,1,0,810,0,1,12,4,0,0,0,0,0,8,0,NA,0,0,0,3,0,29,0,NA,NA,NA,NA,NA,NA,3033.090909090909,105.0909090909091,529.2727272727273,18.545454545454547
2012,8,2012-02-19T00:00:00Z,2012-02-25T00:00:00Z,0,4,3,0,3,0,0,0,50,1,0,1,989,0,2,18,0,0,0,0,0,0,8,0,NA,1,0,0,3,0,12,0,NA,NA,NA,NA,NA,NA,2953.4545454545455,102,512.7272727272727,20.727272727272727
2012,9,2012-02-26T00:00:00Z,2012-03-03T00:00:00Z,0,4,1,2,0,0,0,0,55,0,0,1,1115,0,1,10,2,0,0,2,0,1,6,0,NA,1,0,3,2,0,27,0,NA,NA,NA,NA,NA,NA,2854.7272727272725,104.54545454545455,504.54545454545456,16.90909090909091
2012,10,2012-03-04T00:00:00Z,2012-03-10T00:00:00Z,0,2,1,2,3,0,0,0,45,1,4,2,1139,0,0,16,0,0,0,3,1,1,12,1,NA,0,0,0,9,0,28,0,NA,NA,NA,NA,NA,NA,2868.3636363636365,95.45454545454545,488.3636363636364,19.454545454545453
2012,11,2012-03-11T00:00:00Z,2012-03-17T00:00:00Z,0,2,1,1,2,0,0,0,64,0,2,0,1011,0,1,8,1,0,0,0,1,1,10,0,NA,1,0,0,2,0,36,0,NA,NA,NA,NA,NA,NA,2615.4545454545455,102.72727272727273,431.6363636363636,15.272727272727273
2012,12,2012-03-18T00:00:00Z,2012-03-24T00:00:00Z,0,1,1,0,2,0,0,0,72,1,2,0,1018,0,1,11,0,0,0,1,2,1,5,0,NA,0,0,3,3,0,26,0,NA,NA,NA,NA,NA,NA,2803.4545454545455,111.63636363636364,507.45454545454544,21.272727272727273
2012,13,2012-03-25T00:00:00Z,2012-03-31T00:00:00Z,0,0,2,1,2,0,0,0,48,0,4,0,1017,0,0,15,2,0,0,2,0,2,14,0,NA,0,0,1,0,0,27,0,NA,NA,NA,NA,NA,NA,2710.909090909091,106,476.72727272727275,17.09090909090909
2012,14,2012-04-01T00:00:00Z,2012-04-07T00:00:00Z,0,0,1,0,2,0,0,0,52,0,2,0,952,0,0,6,2,0,0,0,0,0,2,0,NA,0,0,1,1,0,27,0,NA,NA,NA,NA,NA,NA,2935.3333333333335,109.55555555555556,485.55555555555554,20.444444444444443
2012,15,2012-04-08T00:00:00Z,2012-04-14T00:00:00Z,0,2,2,0,0,0,0,0,81,1,2,1,1167,0,0,13,2,0,0,0,0,2,12,0,NA,1,0,0,1,0,25,0,NA,NA,NA,NA,NA,NA,3098.181818181818,98.18181818181819,487.45454545454544,18
2012,16,2012-04-15T00:00:00Z,2012-04-21T00:00:00Z,0,0,0,4,2,0,0,0,77,0,4,1,1387,0,0,15,2,0,0,0,0,1,6,0,NA,1,0,0,2,0,36,0,NA,NA,NA,NA,NA,NA,3055.6363636363635,114,501.6363636363636,18.90909090909091
2012,17,2012-04-22T00:00:00Z,2012-04-28T00:00:00Z,0,2,1,1,1,0,0,0,64,0,2,0,1581,0,1,13,3,0,0,0,1,0,14,0,NA,1,0,0,7,0,27,0,NA,NA,NA,NA,NA,NA,3021.6363636363635,107.63636363636364,477.6363636363636,20.727272727272727
2012,18,2012-04-29T00:00:00Z,2012-05-05T00:00:00Z,0,1,3,0,3,0,0,0,86,2,2,0,1462,0,1,13,2,0,0,3,0,0,2,0,NA,1,0,0,3,0,21,0,NA,NA,NA,NA,NA,NA,3090,105.75,536.5,25.75
2012,19,2012-05-06T00:00:00Z,2012-05-12T00:00:00Z,0,0,2,1,5,0,0,0,96,1,1,1,1607,0,1,19,2,0,0,0,0,0,12,0,NA,0,0,0,1,0,34,0,NA,NA,NA,NA,NA,NA,3099.818181818182,101.27272727272727,488.1818181818182,21.272727272727273
2012,20,2012-05-13T00:00:00Z,2012-05-19T00:00:00Z,0,3,2,2,4,0,0,0,80,0,2,0,1682,0,0,11,0,0,0,1,0,0,7,0,NA,2,0,1,2,0,28,0,NA,NA,NA,NA,NA,NA,3167.2727272727275,116.9090909090909,480.54545454545456,26
2012,21,2012-05-20T00:00:00Z,2012-05-26T00:00:00Z,1,0,3,2,2,0,0,0,80,0,1,0,1458,0,0,10,1,0,0,1,0,0,6,0,NA,0,0,0,3,0,32,0,NA,NA,NA,NA,NA,NA,2982.181818181818,94.72727272727273,454,20.727272727272727
2012,22,2012-05-27T00:00:00Z,2012-06-02T00:00:00Z,0,1,1,3,2,0,0,0,81,0,2,0,1105,0,1,5,1,0,0,3,0,1,7,0,NA,1,0,1,3,0,30,0,NA,NA,NA,NA,NA,NA,2719.090909090909,91.45454545454545,427.8181818181818,19.454545454545453
2012,23,2012-06-03T00:00:00Z,2012-06-09T00:00:00Z,0,1,2,2,0,0,0,0,99,1,3,0,981,0,0,9,1,0,0,2,0,0,7,0,NA,0,0,1,2,0,37,0,NA,NA,NA,NA,NA,NA,2550.181818181818,93.45454545454545,404.1818181818182,14.545454545454545
2012,24,2012-06-10T00:00:00Z,2012-06-16T00:00:00Z,0,0,2,2,3,0,0,0,87,1,3,0,906,0,1,11,1,0,0,0,0,2,5,0,NA,1,0,0,6,0,27,0,NA,NA,NA,NA,NA,NA,2494.5454545454545,91.45454545454545,416,14.363636363636363
2012,25,2012-06-17T00:00:00Z,2012-06-23T00:00:00Z,0,4,2,2,0,0,0,0,128,1,5,0,794,0,1,7,0,0,0,0,1,1,11,0,NA,0,0,1,4,0,32,0,NA,NA,NA,NA,NA,NA,2381.2727272727275,84,398.72727272727275,19.636363636363637
2012,26,2012-06-24T00:00:00Z,2012-06-30T00:00:00Z,0,3,1,0,2,0,0,0,151,0,7,0,728,0,0,11,2,0,0,1,0,0,4,0,NA,0,0,0,2,0,23,0,NA,NA,NA,NA,NA,NA,2471.2727272727275,100.9090909090909,468.1818181818182,19.636363636363637
2012,27,2012-07-01T00:00:00Z,2012-07-07T00:00:00Z,0,3,3,3,4,0,0,0,140,0,4,0,686,0,1,8,1,0,0,1,0,0,9,0,NA,0,0,1,6,0,27,0,NA,NA,NA,NA,NA,NA,2597.090909090909,95.45454545454545,497.6363636363636,21.454545454545453
2012,28,2012-07-08T00:00:00Z,2012-07-14T00:00:00Z,1,1,0,2,5,0,0,0,131,1,6,0,681,0,0,12,5,0,0,1,0,0,10,0,NA,0,0,1,2,1,17,0,NA,NA,NA,NA,NA,NA,2949.2727272727275,102.54545454545455,547.0909090909091,16.181818181818183
2012,29,2012-07-15T00:00:00Z,2012-07-21T00:00:00Z,0,1,2,4,4,0,0,0,124,1,9,0,754,0,1,9,0,0,0,1,0,1,4,0,NA,0,0,0,3,0,25,0,NA,NA,NA,NA,NA,NA,3168.181818181818,97.81818181818181,544.9090909090909,15.090909090909092
2012,30,2012-07-22T00:00:00Z,2012-07-28T00:00:00Z,0,1,0,2,0,0,0,0,110,0,2,0,868,0,0,7,1,0,0,0,0,2,11,0,NA,0,0,0,4,0,28,0,NA,NA,NA,NA,NA,NA,3214.3636363636365,96.9090909090909,564.9090909090909,18.363636363636363
2012,31,2012-07-29T00:00:00Z,2012-08-04T00:00:00Z,0,1,0,4,1,0,0,0,94,0,5,0,748,0,0,11,0,0,0,0,0,1,7,0,NA,0,0,0,2,0,39,0,NA,NA,NA,NA,NA,NA,2979.6363636363635,100.54545454545455,575.8181818181819,16.363636363636363
2012,32,2012-08-05T00:00:00Z,2012-08-11T00:00:00Z,0,0,1,3,0,0,0,0,127,0,4,0,628,0,1,11,1,0,0,2,0,2,1,0,NA,0,0,0,6,0,28,0,NA,NA,NA,NA,NA,NA,2857.1111111111113,108.22222222222223,538.6666666666666,16.444444444444443
2012,33,2012-08-12T00:00:00Z,2012-08-18T00:00:00Z,0,1,3,4,5,0,0,0,115,0,4,0,573,0,0,7,2,0,0,1,0,0,10,0,NA,2,0,0,4,0,33,0,NA,NA,NA,NA,NA,NA,2650,95.45454545454545,539.0909090909091,13.454545454545455
2012,34,2012-08-19T00:00:00Z,2012-08-25T00:00:00Z,0,2,1,2,1,0,0,0,92,0,4,0,497,0,1,15,0,0,0,1,1,0,7,0,NA,2,0,1,3,0,25,0,NA,NA,NA,NA,NA,NA,2669.3333333333335,108.88888888888889,604.4444444444445,18.88888888888889
2012,35,2012-08-26T00:00:00Z,2012-09-01T00:00:00Z,0,2,1,3,0,0,0,0,102,0,1,0,501,0,1,13,3,0,0,2,0,0,11,0,NA,0,0,0,5,0,42,0,NA,NA,NA,NA,NA,NA,2533.090909090909,93.63636363636364,511.6363636363636,11.090909090909092
2012,36,2012-09-02T00:00:00Z,2012-09-08T00:00:00Z,0,1,0,3,1,0,0,0,75,1,1,0,540,0,0,7,0,0,0,1,0,0,9,0,NA,2,0,0,0,0,28,0,NA,NA,NA,NA,NA,NA,2342.7272727272725,91.27272727272727,400.3636363636364,14
2012,37,2012-09-09T00:00:00Z,2012-09-15T00:00:00Z,0,0,2,3,7,0,0,0,73,1,1,0,567,0,0,10,0,0,0,1,0,1,13,0,NA,0,0,0,3,0,38,0,NA,NA,NA,NA,NA,NA,2618.7272727272725,102.72727272727273,496.72727272727275,13.272727272727273
2012,38,2012-09-16T00:00:00Z,2012-09-22T00:00:00Z,0,0,1,5,2,0,0,0,72,0,5,0,582,0,1,9,0,0,0,4,2,2,15,0,NA,1,0,0,4,0,37,0,NA,NA,NA,NA,NA,NA,2578.7272727272725,91.63636363636364,499.6363636363636,13.090909090909092
2012,39,2012-09-23T00:00:00Z,2012-09-29T00:00:00Z,0,1,0,4,2,0,0,0,99,1,4,0,482,0,2,7,1,0,0,1,2,0,10,0,NA,1,0,0,3,0,35,0,NA,NA,NA,NA,NA,NA,2516.5454545454545,92.18181818181819,498.1818181818182,14.545454545454545
2012,40,2012-09-30T00:00:00Z,2012-10-06T00:00:00Z,0,0,2,1,2,0,0,0,103,1,3,1,437,0,0,10,0,0,0,0,2,0,14,1,NA,2,0,0,4,0,31,0,NA,NA,NA,NA,NA,NA,2575.2727272727275,87.63636363636364,520.3636363636364,12.545454545454545
2012,41,2012-10-07T00:00:00Z,2012-10-13T00:00:00Z,0,0,1,4,2,0,0,0,122,1,3,1,376,0,0,7,0,0,0,2,1,0,12,0,NA,0,0,0,2,0,23,0,NA,NA,NA,NA,NA,NA,2637.818181818182,87.45454545454545,494,13.636363636363637
2012,42,2012-10-14T00:00:00Z,2012-10-20T00:00:00Z,0,1,1,1,1,0,0,0,105,0,5,2,341,0,0,5,1,0,0,3,0,0,10,0,NA,1,0,0,2,0,24,0,NA,NA,NA,NA,NA,NA,2694.5454545454545,87.81818181818181,506.90909090909093,12.909090909090908
2012,43,2012-10-21T00:00:00Z,2012-10-27T00:00:00Z,0,0,1,3,1,0,0,0,84,0,5,1,325,0,0,7,2,0,0,1,1,0,12,0,NA,2,0,0,2,0,26,0,NA,NA,NA,NA,NA,NA,2768.222222222222,89.77777777777777,521.7777777777778,13.333333333333334
2012,44,2012-10-28T00:00:00Z,2012-11-03T00:00:00Z,0,0,0,2,1,0,0,0,104,0,1,1,265,0,2,11,2,0,0,1,1,0,13,0,NA,0,0,0,7,0,27,0,NA,NA,NA,NA,NA,NA,2604.5454545454545,100.36363636363636,486.1818181818182,14.545454545454545
2012,45,2012-11-04T00:00:00Z,2012-11-10T00:00:00Z,0,0,3,3,3,0,0,0,99,1,1,0,237,0,3,11,2,0,0,0,0,0,10,0,NA,0,0,0,3,0,33,0,NA,NA,NA,NA,NA,NA,2577.6363636363635,89.45454545454545,476.54545454545456,11.454545454545455
2012,46,2012-11-11T00:00:00Z,2012-11-17T00:00:00Z,0,0,0,2,1,0,0,0,87,1,1,1,238,0,1,5,1,0,0,0,1,0,5,0,NA,0,0,1,1,0,32,0,NA,NA,NA,NA,NA,NA,2580.8888888888887,90.66666666666667,538.2222222222222,13.555555555555555
2012,47,2012-11-18T00:00:00Z,2012-11-24T00:00:00Z,0,0,0,2,2,0,0,0,99,1,1,0,283,0,1,6,0,0,0,1,1,5,8,0,NA,2,0,0,3,0,24,0,NA,NA,NA,NA,NA,NA,2504.181818181818,98.9090909090909,498.90909090909093,11.454545454545455
2012,48,2012-11-25T00:00:00Z,2012-12-01T00:00:00Z,0,0,2,5,5,0,0,0,80,0,3,0,219,0,0,13,1,0,0,5,0,1,9,0,NA,0,0,0,6,0,35,0,NA,NA,NA,NA,NA,NA,2541.6363636363635,92.9090909090909,483.6363636363636,8.727272727272727
2012,49,2012-12-02T00:00:00Z,2012-12-08T00:00:00Z,0,1,2,0,0,0,0,0,78,0,3,3,217,0,0,7,2,0,0,1,0,0,9,0,NA,0,0,0,2,0,35,0,NA,NA,NA,NA,NA,NA,2680.7272727272725,98.9090909090909,481.45454545454544,10.363636363636363
2012,50,2012-12-09T00:00:00Z,2012-12-15T00:00:00Z,0,1,2,1,1,0,0,0,104,1,2,0,198,0,0,7,0,0,0,2,0,0,11,0,NA,1,0,0,3,0,23,0,NA,NA,NA,NA,NA,NA,2604.3636363636365,93.63636363636364,469.09090909090907,10.363636363636363
2012,51,2012-12-16T00:00:00Z,2012-12-22T00:00:00Z,0,0,3,1,3,0,0,0,92,2,0,3,185,0,0,2,0,0,0,2,3,1,9,0,NA,0,0,0,3,0,34,0,NA,NA,NA,NA,NA,NA,2497.2727272727275,103.0909090909091,418.90909090909093,11.818181818181818
2012,52,2012-12-23T00:00:00Z,2012-12-29T00:00:00Z,0,0,0,5,1,0,0,0,111,1,5,0,154,0,0,3,0,0,0,2,0,0,3,0,NA,0,0,0,1,0,26,0,NA,NA,NA,NA,NA,NA,2812,112.75,473.25,13.5
2013,1,2012-12-30T00:00:00Z,2013-01-05T00:00:00Z,0,0,1,4,3,0,0,0,132,2,1,0,148,0,0,10,0,0,0,0,1,0,13,0,NA,4,0,1,7,0,26,0,NA,NA,NA,NA,NA,NA,3022,129.5,540.75,18.5
2013,2,2013-01-06T00:00:00Z,2013-01-12T00:00:00Z,0,1,3,1,3,0,0,0,204,1,1,1,191,0,1,13,1,0,0,0,2,1,15,0,NA,0,0,0,2,0,26,0,NA,NA,NA,NA,NA,NA,3119.818181818182,109.63636363636364,595.6363636363636,12
2013,3,2013-01-13T00:00:00Z,2013-01-19T00:00:00Z,0,2,4,2,0,0,0,0,219,0,1,1,171,0,0,14,1,0,0,1,1,0,5,0,NA,2,0,1,4,0,26,0,NA,NA,NA,NA,NA,NA,3132.909090909091,114.18181818181819,568.7272727272727,17.454545454545453
2013,4,2013-01-20T00:00:00Z,2013-01-26T00:00:00Z,0,3,4,0,1,0,0,0,264,3,0,1,172,0,0,13,2,0,0,1,1,2,5,0,NA,1,0,2,1,0,32,0,NA,NA,NA,NA,NA,NA,3190.3636363636365,102,543.4545454545455,14.363636363636363
2013,5,2013-01-27T00:00:00Z,2013-02-02T00:00:00Z,0,1,1,2,1,0,0,0,292,1,0,0,185,0,0,11,1,0,0,1,1,0,7,0,NA,0,0,0,5,0,30,0,NA,NA,NA,NA,NA,NA,3035.818181818182,102.18181818181819,501.8181818181818,17.272727272727273
2013,6,2013-02-03T00:00:00Z,2013-02-09T00:00:00Z,0,0,2,6,1,0,0,0,322,0,2,2,164,0,0,9,1,0,0,1,1,0,9,0,NA,1,1,0,2,0,28,0,NA,NA,NA,NA,NA,NA,2598.7272727272725,94,475.45454545454544,18.363636363636363
2013,7,2013-02-10T00:00:00Z,2013-02-16T00:00:00Z,0,1,2,1,1,0,0,0,246,1,0,0,181,0,0,3,2,0,0,0,1,0,5,0,NA,1,0,0,3,0,20,0,NA,NA,NA,NA,NA,NA,3032.8571428571427,104.57142857142857,572.5714285714286,21.428571428571427
2013,8,2013-02-17T00:00:00Z,2013-02-23T00:00:00Z,0,0,1,1,2,0,0,0,294,2,1,0,265,0,0,8,1,0,0,1,2,0,13,0,NA,1,0,0,4,0,26,0,NA,NA,NA,NA,NA,NA,2941.6363636363635,114.72727272727273,510,15.454545454545455
2013,9,2013-02-24T00:00:00Z,2013-03-02T00:00:00Z,0,1,2,2,0,0,0,0,247,2,0,2,388,0,0,11,1,0,0,0,1,1,8,0,NA,0,0,0,1,0,32,0,NA,NA,NA,NA,NA,NA,2753.2727272727275,110,468.72727272727275,15.818181818181818
2013,10,2013-03-03T00:00:00Z,2013-03-09T00:00:00Z,0,0,1,0,2,0,0,0,272,1,1,14,478,0,0,10,2,0,0,0,1,0,7,0,NA,0,0,0,3,1,28,0,NA,NA,NA,NA,NA,NA,2712.909090909091,107.27272727272727,474.54545454545456,13.818181818181818
2013,11,2013-03-10T00:00:00Z,2013-03-16T00:00:00Z,0,0,1,1,3,0,0,0,307,1,2,1,465,0,0,9,0,0,0,0,0,1,7,0,NA,0,0,0,0,0,32,0,NA,NA,NA,NA,NA,NA,2499.818181818182,100.72727272727273,464.72727272727275,17.454545454545453
2013,12,2013-03-17T00:00:00Z,2013-03-23T00:00:00Z,0,0,0,1,1,0,0,0,305,2,1,3,351,0,0,11,0,0,0,2,0,0,4,0,NA,0,0,0,0,0,31,0,NA,NA,NA,NA,NA,NA,2148.181818181818,93.27272727272727,365.27272727272725,13.090909090909092
2013,13,2013-03-24T00:00:00Z,2013-03-30T00:00:00Z,0,0,4,5,1,0,0,0,314,2,1,3,350,0,0,9,1,0,0,4,0,0,1,0,NA,2,0,0,8,0,22,0,NA,NA,NA,NA,NA,NA,2342.6666666666665,118.44444444444444,456,18
2013,14,2013-03-31T00:00:00Z,2013-04-06T00:00:00Z,0,2,1,1,1,0,0,0,402,4,3,6,438,0,1,11,1,0,0,1,1,0,8,0,NA,3,0,0,2,0,39,0,NA,NA,NA,NA,NA,NA,2395.090909090909,105.63636363636364,454,14.727272727272727
2013,15,2013-04-07T00:00:00Z,2013-04-13T00:00:00Z,0,0,1,2,1,0,0,0,491,1,4,14,461,0,0,14,2,0,0,1,0,1,18,0,NA,0,0,0,1,0,32,0,NA,NA,NA,NA,NA,NA,2500.3636363636365,103.45454545454545,461.09090909090907,14
2013,16,2013-04-14T00:00:00Z,2013-04-20T00:00:00Z,0,0,1,1,1,0,0,0,505,4,4,35,504,0,1,17,2,0,0,1,3,0,13,0,NA,0,0,0,2,0,30,0,NA,NA,NA,NA,NA,NA,2687.818181818182,94.54545454545455,458.90909090909093,16.363636363636363
2013,17,2013-04-21T00:00:00Z,2013-04-27T00:00:00Z,0,1,1,4,2,0,0,0,536,2,2,24,572,0,0,15,0,0,0,1,0,0,7,0,NA,0,0,0,6,0,51,0,NA,NA,NA,NA,NA,NA,2699.4545454545455,94.9090909090909,443.8181818181818,13.454545454545455
2013,18,2013-04-28T00:00:00Z,2013-05-04T00:00:00Z,0,0,2,3,0,0,0,0,547,0,4,19,595,0,2,10,0,0,0,1,0,0,8,0,NA,0,0,0,6,0,25,0,NA,NA,NA,NA,NA,NA,2854,89.55555555555556,491.55555555555554,20.666666666666668
2013,19,2013-05-05T00:00:00Z,2013-05-11T00:00:00Z,0,0,2,3,0,0,0,0,556,2,5,29,627,0,2,11,1,0,0,4,0,1,5,0,NA,0,0,0,0,0,30,0,NA,NA,NA,NA,NA,NA,2747.2727272727275,91.0909090909091,478.3636363636364,14.363636363636363
2013,20,2013-05-12T00:00:00Z,2013-05-18T00:00:00Z,0,1,4,2,3,0,0,0,611,0,2,28,697,0,1,10,1,0,0,2,0,0,8,0,NA,1,0,0,11,1,45,0,NA,NA,NA,NA,NA,NA,2518.909090909091,89.63636363636364,451.8181818181818,18
2013,21,2013-05-19T00:00:00Z,2013-05-25T00:00:00Z,0,0,3,0,2,0,0,0,637,3,7,15,662,0,1,5,2,0,0,2,0,0,13,0,NA,0,0,0,2,0,27,0,NA,NA,NA,NA,NA,NA,2725.5555555555557,90,451.55555555555554,11.333333333333334
2013,22,2013-05-26T00:00:00Z,2013-06-01T00:00:00Z,0,1,1,0,1,0,0,0,742,4,1,31,774,0,0,10,0,0,0,2,1,0,4,0,NA,0,0,1,3,0,42,0,NA,NA,NA,NA,NA,NA,2733.4545454545455,84.72727272727273,459.8181818181818,12.545454545454545
2013,23,2013-06-02T00:00:00Z,2013-06-08T00:00:00Z,0,0,1,0,2,0,0,0,813,1,1,40,697,0,1,14,0,0,0,0,1,1,11,0,NA,1,0,0,3,0,51,0,NA,NA,NA,NA,NA,NA,2434.181818181818,75.63636363636364,403.27272727272725,8.909090909090908
2013,24,2013-06-09T00:00:00Z,2013-06-15T00:00:00Z,0,0,5,3,2,0,0,0,805,4,5,39,736,0,0,6,2,0,0,2,1,0,2,0,NA,0,0,0,3,1,32,0,NA,NA,NA,NA,NA,NA,2330,79.63636363636364,377.8181818181818,10
2013,25,2013-06-16T00:00:00Z,2013-06-22T00:00:00Z,0,0,1,0,4,0,0,0,838,4,0,45,581,0,0,10,1,0,0,0,0,0,6,0,NA,0,0,2,0,1,33,0,NA,NA,NA,NA,NA,NA,2754.7272727272725,104,317.45454545454544,12.909090909090908
2013,26,2013-06-23T00:00:00Z,2013-06-29T00:00:00Z,0,0,1,2,1,0,0,0,802,4,5,24,461,0,0,10,2,0,0,3,0,0,2,1,NA,3,0,0,4,1,32,0,NA,NA,NA,NA,NA,NA,2412.5454545454545,90.54545454545455,371.6363636363636,10.181818181818182
2013,27,2013-06-30T00:00:00Z,2013-07-06T00:00:00Z,0,0,3,4,0,0,0,0,676,2,1,26,441,0,0,16,1,0,0,2,0,0,7,0,NA,1,0,1,4,0,30,0,NA,NA,NA,NA,NA,NA,2368,88,501.27272727272725,14.181818181818182
2013,28,2013-07-07T00:00:00Z,2013-07-13T00:00:00Z,0,0,1,1,1,0,0,0,540,1,0,26,482,0,0,12,0,0,0,0,1,1,7,0,NA,0,0,0,2,1,44,0,NA,NA,NA,NA,NA,NA,2370.5454545454545,83.81818181818181,522.7272727272727,14.909090909090908
2013,29,2013-07-14T00:00:00Z,2013-07-20T00:00:00Z,0,0,3,0,1,0,0,0,389,1,7,16,578,0,0,16,1,0,0,1,2,0,10,0,NA,1,1,0,1,0,32,0,NA,NA,NA,NA,NA,NA,2542.909090909091,88.18181818181819,543.6363636363636,14.181818181818182
2013,30,2013-07-21T00:00:00Z,2013-07-27T00:00:00Z,0,0,2,2,0,0,0,0,305,1,3,20,590,0,1,7,2,0,0,1,1,1,8,1,NA,1,0,0,0,0,30,0,NA,NA,NA,NA,NA,NA,2423.090909090909,85.45454545454545,524.5454545454545,14.545454545454545
2013,31,2013-07-28T00:00:00Z,2013-08-03T00:00:00Z,0,0,1,1,1,0,0,0,288,1,1,22,659,0,1,17,1,0,0,2,1,0,8,0,NA,1,0,0,4,1,30,0,NA,NA,NA,NA,NA,NA,2475.6363636363635,91.45454545454545,543.8181818181819,20.181818181818183
2013,32,2013-08-04T00:00:00Z,2013-08-10T00:00:00Z,0,1,0,1,0,0,0,0,255,1,7,7,577,0,0,13,0,0,0,0,1,1,7,0,NA,1,0,1,2,0,18,0,NA,NA,NA,NA,NA,NA,2426,91.14285714285714,547.4285714285714,14.571428571428571
2013,33,2013-08-11T00:00:00Z,2013-08-17T00:00:00Z,0,0,1,2,2,0,0,0,378,0,5,26,743,0,0,9,1,0,0,1,1,1,3,0,NA,0,0,0,3,0,28,0,NA,NA,NA,NA,NA,NA,2699.818181818182,97.45454545454545,586.1818181818181,18.363636363636363
2013,34,2013-08-18T00:00:00Z,2013-08-24T00:00:00Z,0,0,1,0,0,0,0,0,338,3,3,15,798,0,2,9,1,0,0,1,2,0,13,0,NA,1,0,2,3,0,21,0,NA,NA,NA,NA,NA,NA,2565.4545454545455,99.81818181818181,546.9090909090909,22.181818181818183
2013,35,2013-08-25T00:00:00Z,2013-08-31T00:00:00Z,0,0,3,0,0,0,0,0,382,4,2,38,887,0,3,12,0,0,0,1,1,0,4,0,NA,0,0,0,4,0,37,0,NA,NA,NA,NA,NA,NA,2379.6363636363635,88,508.3636363636364,16.363636363636363
2013,36,2013-09-01T00:00:00Z,2013-09-07T00:00:00Z,0,0,2,2,0,0,0,0,449,3,0,42,860,0,1,8,0,0,0,0,1,1,3,0,NA,0,0,1,2,0,38,0,NA,NA,NA,NA,NA,NA,2261.818181818182,92.36363636363636,454.72727272727275,15.454545454545455
2013,37,2013-09-08T00:00:00Z,2013-09-14T00:00:00Z,0,1,3,0,0,0,0,0,337,2,3,39,960,0,2,4,0,0,0,1,0,1,8,0,NA,0,0,0,2,0,34,0,NA,NA,NA,NA,NA,NA,2210.7272727272725,84.36363636363636,453.8181818181818,14.727272727272727
2013,38,2013-09-15T00:00:00Z,2013-09-21T00:00:00Z,0,0,0,0,2,0,0,0,370,6,3,49,1062,0,0,7,1,0,0,0,0,1,11,0,NA,0,0,0,2,0,46,0,NA,NA,NA,NA,NA,NA,2373.090909090909,98.18181818181819,515.4545454545455,24.727272727272727
2013,39,2013-09-22T00:00:00Z,2013-09-28T00:00:00Z,0,0,0,2,0,0,0,0,402,4,5,32,1108,0,6,2,1,0,0,1,0,0,6,0,NA,1,0,2,1,0,53,0,NA,NA,NA,NA,NA,NA,2179.818181818182,91.45454545454545,490.1818181818182,20.363636363636363
2013,40,2013-09-29T00:00:00Z,2013-10-05T00:00:00Z,1,0,2,0,0,0,0,0,439,2,2,17,1077,0,0,4,2,0,0,2,0,0,5,0,NA,3,0,2,5,0,65,0,NA,NA,NA,NA,NA,NA,2300.7272727272725,81.81818181818181,472.1818181818182,21.454545454545453
2013,41,2013-10-06T00:00:00Z,2013-10-12T00:00:00Z,0,1,1,0,0,0,0,0,435,3,0,23,1247,0,2,9,2,0,0,1,0,0,10,0,NA,0,0,0,0,0,46,0,NA,NA,NA,NA,NA,NA,2429.090909090909,90.36363636363636,453.45454545454544,17.272727272727273
2013,42,2013-10-13T00:00:00Z,2013-10-19T00:00:00Z,0,1,1,1,1,0,0,0,371,3,0,16,1147,0,2,4,0,0,0,2,1,0,0,0,NA,0,0,0,1,2,39,0,NA,NA,NA,NA,NA,NA,2429.1111111111113,85.55555555555556,481.1111111111111,21.11111111111111
2013,43,2013-10-20T00:00:00Z,2013-10-26T00:00:00Z,1,1,1,1,1,0,0,0,495,0,1,21,1029,0,3,3,1,0,0,0,0,1,9,0,NA,0,0,0,4,0,37,0,NA,NA,NA,NA,NA,NA,2400.7272727272725,79.81818181818181,456.1818181818182,18.181818181818183
2013,44,2013-10-27T00:00:00Z,2013-11-02T00:00:00Z,0,0,0,7,0,0,0,0,457,1,0,22,914,0,2,6,1,0,0,2,2,0,6,0,NA,1,0,0,4,0,27,0,NA,NA,NA,NA,NA,NA,2155.2727272727275,76.72727272727273,397.45454545454544,16.181818181818183
2013,45,2013-11-03T00:00:00Z,2013-11-09T00:00:00Z,0,1,0,2,0,0,0,0,401,1,2,31,1002,0,4,4,1,0,0,1,1,1,7,0,NA,1,0,0,3,1,46,0,NA,NA,NA,NA,NA,NA,3018.222222222222,96.66666666666667,514.6666666666666,18.666666666666668
2013,46,2013-11-10T00:00:00Z,2013-11-16T00:00:00Z,0,0,1,3,0,0,0,0,442,2,1,23,849,0,0,10,1,0,0,1,0,0,12,0,NA,4,0,1,1,0,26,0,NA,NA,NA,NA,NA,NA,2494.181818181818,85.63636363636364,420,13.272727272727273
2013,47,2013-11-17T00:00:00Z,2013-11-23T00:00:00Z,0,0,1,1,3,0,0,0,365,0,2,36,740,0,1,11,1,0,0,2,1,0,8,0,NA,0,0,0,9,0,29,0,NA,NA,NA,NA,NA,NA,2576.181818181818,86.72727272727273,386.72727272727275,16
2013,48,2013-11-24T00:00:00Z,2013-11-30T00:00:00Z,0,0,2,1,0,0,0,0,372,0,3,27,607,0,0,6,1,0,0,0,1,0,6,0,NA,0,0,0,3,0,45,0,NA,NA,NA,NA,NA,NA,2362.7272727272725,79.45454545454545,397.6363636363636,13.636363636363637
2013,49,2013-12-01T00:00:00Z,2013-12-07T00:00:00Z,0,0,1,4,2,0,0,0,347,0,1,32,628,0,1,9,2,0,0,1,2,3,8,0,NA,0,0,0,7,0,27,0,NA,NA,NA,NA,NA,NA,2526.181818181818,91.0909090909091,423.09090909090907,11.090909090909092
2013,50,2013-12-08T00:00:00Z,2013-12-14T00:00:00Z,0,0,0,6,1,0,0,0,380,1,1,23,575,0,0,4,0,0,0,0,0,2,8,0,NA,0,1,0,4,0,33,0,NA,NA,NA,NA,NA,NA,2508.909090909091,76.18181818181819,396,10.363636363636363
2013,51,2013-12-15T00:00:00Z,2013-12-21T00:00:00Z,0,2,1,0,0,0,0,0,371,0,1,33,542,0,2,10,0,0,0,2,0,0,14,0,NA,0,0,0,4,0,28,0,NA,NA,NA,NA,NA,NA,2457.6363636363635,74,369.09090909090907,8.363636363636363
2013,52,2013-12-22T00:00:00Z,2013-12-28T00:00:00Z,0,1,3,0,1,0,0,0,414,0,3,20,363,0,3,9,0,0,0,1,0,2,6,0,NA,1,0,0,4,0,20,0,NA,NA,NA,NA,NA,NA,2604.5,88,420.25,15.75
2014,1,2013-12-29T00:00:00Z,2014-01-04T00:00:00Z,0,0,4,1,2,0,0,0,436,1,1,19,345,0,5,7,0,0,0,0,0,0,10,0,NA,1,0,0,3,0,22,0,NA,NA,NA,NA,NA,NA,2765.5,95.5,475.75,18.75
2014,2,2014-01-05T00:00:00Z,2014-01-11T00:00:00Z,0,0,0,4,0,0,0,0,479,NA,1,29,346,0,2,14,0,0,0,2,2,2,10,0,NA,0,0,1,0,0,38,0,NA,NA,NA,NA,NA,NA,2804.7272727272725,92.36363636363636,489.8181818181818,12.727272727272727
2014,3,2014-01-12T00:00:00Z,2014-01-18T00:00:00Z,0,0,2,5,0,0,0,0,401,NA,2,20,387,0,15,14,0,0,0,0,0,1,5,0,NA,1,0,1,3,0,27,0,NA,NA,NA,NA,NA,NA,3124.3636363636365,100,518.5454545454545,14.545454545454545
2014,4,2014-01-19T00:00:00Z,2014-01-25T00:00:00Z,0,0,2,2,1,0,0,0,336,NA,1,17,366,0,8,10,2,0,0,1,1,0,5,0,NA,0,0,0,3,1,32,0,NA,NA,NA,NA,NA,NA,3288.3636363636365,103.81818181818181,470.54545454545456,15.090909090909092
2014,5,2014-01-26T00:00:00Z,2014-02-01T00:00:00Z,0,1,1,2,0,0,0,0,234,NA,0,13,214,0,3,5,0,0,0,1,0,1,10,0,NA,0,0,0,3,0,25,0,NA,NA,NA,NA,NA,NA,3242,101.71428571428571,478.85714285714283,14
2014,6,2014-02-02T00:00:00Z,2014-02-08T00:00:00Z,0,1,0,3,0,0,0,0,273,1,0,9,312,0,7,12,0,0,0,1,2,0,8,0,NA,1,1,0,4,0,26,0,NA,NA,NA,NA,NA,NA,3200.3636363636365,114.18181818181819,489.6363636363636,17.818181818181817
2014,7,2014-02-09T00:00:00Z,2014-02-15T00:00:00Z,0,0,1,3,1,0,0,0,369,NA,0,9,329,0,6,10,0,0,0,0,3,0,5,1,NA,0,0,0,3,1,30,0,NA,NA,NA,NA,NA,NA,2792.909090909091,100,524.1818181818181,18.727272727272727
2014,8,2014-02-16T00:00:00Z,2014-02-22T00:00:00Z,0,0,0,2,1,0,0,0,193,1,0,12,371,0,8,11,2,0,0,0,1,1,9,0,NA,0,0,0,2,0,21,0,NA,NA,NA,NA,NA,NA,2590.3636363636365,104,460.90909090909093,17.454545454545453
2014,9,2014-02-23T00:00:00Z,2014-03-01T00:00:00Z,0,0,2,2,1,0,0,0,186,1,0,3,331,0,8,14,0,0,0,3,1,2,12,0,NA,0,0,0,4,1,23,0,NA,NA,NA,NA,NA,NA,2575.6363636363635,100,423.6363636363636,19.818181818181817
2014,10,2014-03-02T00:00:00Z,2014-03-08T00:00:00Z,0,1,4,1,1,0,0,0,209,1,0,3,321,0,5,2,0,0,0,0,0,0,3,0,NA,1,0,0,5,0,22,0,NA,NA,NA,NA,NA,NA,2473.4545454545455,99.45454545454545,451.6363636363636,17.454545454545453
2014,11,2014-03-09T00:00:00Z,2014-03-15T00:00:00Z,0,2,1,0,1,0,0,0,224,1,1,5,309,0,5,12,1,0,0,1,0,0,11,0,NA,0,1,0,2,0,36,0,NA,NA,NA,NA,NA,NA,2493.090909090909,98,406,18
2014,12,2014-03-16T00:00:00Z,2014-03-22T00:00:00Z,0,1,1,2,1,0,0,0,210,NA,2,2,247,0,3,7,0,0,0,3,1,0,11,1,NA,0,0,0,0,0,40,0,NA,NA,NA,NA,NA,NA,2003.4545454545455,71.63636363636364,359.45454545454544,12.181818181818182
2014,13,2014-03-23T00:00:00Z,2014-03-29T00:00:00Z,0,0,2,1,1,0,0,0,225,NA,3,1,312,0,2,18,3,0,0,3,0,2,10,2,NA,0,1,0,2,0,42,0,NA,NA,NA,NA,NA,NA,2197.818181818182,83.45454545454545,451.6363636363636,15
2014,14,2014-03-30T00:00:00Z,2014-04-05T00:00:00Z,0,0,2,1,3,0,0,0,240,NA,0,1,341,0,3,9,0,0,0,3,0,0,14,0,NA,0,0,1,3,0,44,0,NA,NA,NA,NA,NA,NA,2059.2727272727275,74.36363636363636,424,18.727272727272727
2014,15,2014-04-06T00:00:00Z,2014-04-12T00:00:00Z,0,0,1,1,2,0,0,0,244,1,0,1,312,0,3,17,0,0,0,4,1,1,6,1,NA,0,0,0,2,0,41,0,NA,NA,NA,NA,NA,NA,2248.181818181818,80.9090909090909,451.45454545454544,15.272727272727273
2014,16,2014-04-13T00:00:00Z,2014-04-19T00:00:00Z,0,1,0,2,2,0,0,0,235,NA,4,2,348,0,1,6,3,0,0,1,1,1,6,3,NA,1,0,1,2,0,40,0,NA,NA,NA,NA,NA,NA,2366.6666666666665,85.11111111111111,443.1111111111111,16.22222222222222
2014,17,2014-04-20T00:00:00Z,2014-04-26T00:00:00Z,0,3,2,3,3,0,0,0,282,NA,3,2,480,0,8,12,1,0,0,1,0,0,19,5,NA,0,0,1,0,0,42,0,NA,NA,NA,NA,NA,NA,2587.6363636363635,84,479.09090909090907,19.454545454545453
2014,18,2014-04-27T00:00:00Z,2014-05-03T00:00:00Z,0,0,2,1,0,0,0,0,251,NA,1,1,557,0,7,9,0,0,0,0,2,0,14,2,NA,1,1,0,2,0,50,0,NA,NA,NA,NA,NA,NA,2600.6666666666665,80.88888888888889,556.2222222222222,16.666666666666668
2014,19,2014-05-04T00:00:00Z,2014-05-10T00:00:00Z,0,0,1,1,0,0,0,0,261,NA,0,1,628,0,3,4,0,0,0,3,1,0,15,1,NA,3,0,1,2,0,47,0,NA,NA,NA,NA,NA,NA,2522,79.45454545454545,468.72727272727275,16.181818181818183
2014,20,2014-05-11T00:00:00Z,2014-05-17T00:00:00Z,0,1,4,2,3,0,0,0,291,NA,1,4,663,0,3,10,0,0,0,4,0,1,13,0,NA,0,0,3,1,1,38,0,NA,NA,NA,NA,NA,NA,2630.222222222222,75.55555555555556,477.1111111111111,22.444444444444443
2014,21,2014-05-18T00:00:00Z,2014-05-24T00:00:00Z,0,0,1,1,0,0,0,0,427,1,0,1,683,0,3,6,0,0,0,2,0,1,11,0,NA,1,0,0,2,0,56,0,NA,NA,NA,NA,NA,NA,2754,73.45454545454545,476.72727272727275,16.727272727272727
2014,22,2014-05-25T00:00:00Z,2014-05-31T00:00:00Z,0,1,2,1,2,0,0,0,456,NA,1,1,793,0,1,6,0,0,0,1,1,1,13,1,NA,4,0,1,2,0,55,0,NA,NA,NA,NA,NA,NA,2649.090909090909,73.0909090909091,454.1818181818182,17.09090909090909
2014,23,2014-06-01T00:00:00Z,2014-06-07T00:00:00Z,0,0,0,0,0,0,0,0,458,1,2,3,689,0,1,8,1,0,0,4,1,1,10,0,NA,0,0,1,3,0,47,0,NA,NA,NA,NA,NA,NA,2511.818181818182,75.63636363636364,434.54545454545456,12
2014,24,2014-06-08T00:00:00Z,2014-06-14T00:00:00Z,0,1,1,0,3,0,0,0,506,NA,1,3,521,0,1,7,0,0,0,3,1,2,11,0,NA,0,0,0,2,0,41,0,NA,NA,NA,NA,NA,NA,2448,79.27272727272727,424.3636363636364,13.272727272727273
2014,25,2014-06-15T00:00:00Z,2014-06-21T00:00:00Z,1,1,2,2,2,0,0,0,550,1,3,2,473,0,0,8,1,0,0,1,0,0,7,1,NA,1,0,1,0,0,47,0,NA,NA,NA,NA,NA,NA,2381.6363636363635,74,411.27272727272725,13.636363636363637
2014,26,2014-06-22T00:00:00Z,2014-06-28T00:00:00Z,0,0,0,0,1,0,0,0,671,NA,2,1,431,0,3,7,1,0,0,0,0,3,4,1,NA,1,0,0,4,0,50,0,NA,NA,NA,NA,NA,NA,2292.3636363636365,67.27272727272727,430,10.727272727272727
2014,27,2014-06-29T00:00:00Z,2014-07-05T00:00:00Z,0,0,2,2,0,0,0,0,888,3,1,1,369,0,2,7,1,0,0,4,0,1,9,0,NA,0,1,0,3,0,40,0,NA,NA,NA,NA,NA,NA,2496.181818181818,77.0909090909091,495.27272727272725,16
2014,28,2014-07-06T00:00:00Z,2014-07-12T00:00:00Z,0,1,2,0,2,0,0,0,818,1,3,2,430,0,4,5,0,0,0,3,1,0,10,2,NA,2,0,0,4,0,46,0,NA,NA,NA,NA,NA,NA,2628.7272727272725,93.27272727272727,552.7272727272727,13.636363636363637
2014,29,2014-07-13T00:00:00Z,2014-07-19T00:00:00Z,0,0,1,1,3,0,0,0,744,2,1,0,426,0,3,11,1,0,0,2,2,1,6,1,NA,1,0,0,1,0,38,0,NA,NA,NA,NA,NA,NA,2768.7272727272725,97.63636363636364,559.0909090909091,13.090909090909092
2014,30,2014-07-20T00:00:00Z,2014-07-26T00:00:00Z,0,0,0,1,0,0,0,0,633,1,1,2,393,0,3,11,0,0,0,1,1,0,7,3,NA,1,0,1,2,0,35,0,NA,NA,NA,NA,NA,NA,2664.5454545454545,87.63636363636364,532,12.909090909090908
2014,31,2014-07-27T00:00:00Z,2014-08-02T00:00:00Z,0,0,2,1,3,0,0,0,484,NA,1,1,338,0,0,9,1,0,0,5,0,2,5,3,NA,1,0,1,2,0,42,0,NA,NA,NA,NA,NA,NA,2646.8888888888887,101.11111111111111,652.2222222222222,15.555555555555555
2014,32,2014-08-03T00:00:00Z,2014-08-09T00:00:00Z,0,0,1,3,4,0,0,0,545,NA,1,0,422,0,4,10,0,0,0,4,0,0,14,2,NA,1,0,0,2,0,35,0,NA,NA,NA,NA,NA,NA,2682.8,120.6,562.8,14.571428571428571
2014,33,2014-08-10T00:00:00Z,2014-08-16T00:00:00Z,0,1,0,3,0,0,0,0,438,NA,4,3,446,0,2,8,0,0,0,1,1,0,4,1,NA,1,0,0,4,0,40,0,NA,NA,NA,NA,NA,NA,2653.6363636363635,103.63636363636364,513.0909090909091,14.545454545454545
2014,34,2014-08-17T00:00:00Z,2014-08-23T00:00:00Z,0,0,0,2,4,0,0,0,418,NA,1,0,464,0,3,11,0,0,0,0,1,1,8,2,NA,0,0,0,6,1,34,0,NA,NA,NA,NA,NA,NA,2690.909090909091,140.36363636363637,521.2727272727273,12
2014,35,2014-08-24T00:00:00Z,2014-08-30T00:00:00Z,0,0,0,1,4,0,0,0,367,NA,0,2,523,0,3,12,1,0,0,2,2,0,8,0,NA,2,0,1,2,0,36,0,NA,NA,NA,NA,NA,NA,2575.818181818182,154.9090909090909,525.0909090909091,14.181818181818182
2014,36,2014-08-31T00:00:00Z,2014-09-06T00:00:00Z,0,0,1,4,2,0,0,0,339,NA,1,1,523,0,0,6,0,0,0,3,0,1,7,2,NA,0,1,0,2,1,29,0,NA,NA,NA,NA,NA,NA,2517.4545454545455,167.8181818181818,485.27272727272725,14.363636363636363
2014,37,2014-09-07T00:00:00Z,2014-09-13T00:00:00Z,0,1,0,1,0,0,0,0,362,NA,2,0,377,0,0,11,1,0,0,3,2,1,7,1,NA,2,0,0,5,0,44,0,NA,NA,NA,NA,NA,NA,2244.181818181818,126.9090909090909,425.45454545454544,12.363636363636363
2014,38,2014-09-14T00:00:00Z,2014-09-20T00:00:00Z,0,0,1,2,0,0,0,0,396,1,1,0,502,0,0,7,2,0,0,0,0,1,2,1,NA,0,1,0,2,0,37,0,NA,NA,NA,NA,NA,NA,2283.090909090909,132.1818181818182,484.1818181818182,13.272727272727273
2014,39,2014-09-21T00:00:00Z,2014-09-27T00:00:00Z,0,1,2,1,1,0,0,0,344,1,0,1,488,0,0,14,0,0,0,1,1,0,9,1,NA,1,0,0,7,0,41,0,NA,NA,NA,NA,NA,NA,2099.090909090909,121.0909090909091,451.8181818181818,14.727272727272727
2014,40,2014-09-28T00:00:00Z,2014-10-04T00:00:00Z,0,0,0,0,2,0,0,0,339,NA,2,1,512,0,0,7,0,0,0,4,0,0,4,1,NA,1,0,2,2,0,39,0,NA,NA,NA,NA,NA,NA,1839.4545454545455,98.72727272727273,437.27272727272725,10.363636363636363
2014,41,2014-10-05T00:00:00Z,2014-10-11T00:00:00Z,1,0,1,1,1,0,0,0,278,NA,2,0,382,0,0,11,0,0,0,1,1,0,3,4,NA,0,0,0,2,0,29,0,NA,NA,NA,NA,NA,NA,2043.3333333333333,107.77777777777777,514.2222222222222,10.88888888888889
2014,42,2014-10-12T00:00:00Z,2014-10-18T00:00:00Z,0,0,1,1,0,0,0,0,297,NA,1,1,385,0,0,12,0,0,0,2,1,3,12,3,NA,2,0,0,3,0,42,0,NA,NA,NA,NA,NA,NA,1947.090909090909,88.72727272727273,465.09090909090907,8.363636363636363
2014,43,2014-10-19T00:00:00Z,2014-10-25T00:00:00Z,0,0,0,1,1,0,0,0,213,NA,1,1,364,0,0,6,0,0,0,1,1,0,8,2,NA,0,0,2,3,0,35,0,NA,NA,NA,NA,NA,NA,2048.6666666666665,84.44444444444444,497.3333333333333,15.333333333333334
2014,44,2014-10-26T00:00:00Z,2014-11-01T00:00:00Z,0,0,0,2,3,0,0,0,186,NA,1,0,377,0,1,7,0,0,0,10,1,1,4,1,NA,1,0,0,4,0,32,0,NA,NA,NA,NA,NA,NA,2005.6363636363637,85.45454545454545,436.3636363636364,12
2014,45,2014-11-02T00:00:00Z,2014-11-08T00:00:00Z,0,0,0,0,1,0,0,0,168,1,4,0,400,0,0,7,1,0,0,4,1,0,8,2,NA,0,0,0,3,0,37,0,NA,NA,NA,NA,NA,NA,2081.818181818182,80.54545454545455,422.1818181818182,12.545454545454545
2014,46,2014-11-09T00:00:00Z,2014-11-15T00:00:00Z,0,0,1,1,1,0,0,0,158,NA,1,0,359,0,0,8,0,0,0,3,0,2,4,0,NA,0,0,0,2,0,42,0,NA,NA,NA,NA,NA,NA,2140.181818181818,78.72727272727273,410.72727272727275,14.181818181818182
2014,47,2014-11-16T00:00:00Z,2014-11-22T00:00:00Z,0,1,1,1,1,0,0,0,149,NA,0,1,357,0,0,14,0,0,0,3,0,1,4,0,NA,0,0,0,8,0,34,0,NA,NA,NA,NA,NA,NA,2225.6363636363635,78.9090909090909,404.72727272727275,10.727272727272727
2014,48,2014-11-23T00:00:00Z,2014-11-29T00:00:00Z,0,0,1,1,2,0,0,0,162,NA,0,1,356,0,0,5,1,0,0,0,0,0,8,0,NA,2,1,0,1,0,24,0,NA,NA,NA,NA,NA,NA,2204,78.9090909090909,391.45454545454544,10.727272727272727
2014,49,2014-11-30T00:00:00Z,2014-12-06T00:00:00Z,0,0,0,0,5,0,0,0,212,NA,1,1,302,0,0,8,0,0,0,0,1,1,8,0,NA,0,0,0,0,0,29,0,NA,NA,NA,NA,NA,NA,2235.2727272727275,79.27272727272727,419.6363636363636,11.272727272727273
2014,50,2014-12-07T00:00:00Z,2014-12-13T00:00:00Z,0,0,2,0,1,0,0,0,177,NA,1,1,371,0,1,5,0,0,0,2,1,0,9,0,NA,0,1,2,5,0,22,0,NA,NA,NA,NA,NA,NA,2314.5454545454545,77.27272727272727,418.1818181818182,11.636363636363637
2014,51,2014-12-14T00:00:00Z,2014-12-20T00:00:00Z,0,0,0,1,0,0,0,0,198,NA,0,0,439,0,0,10,0,0,0,2,0,1,3,2,NA,1,1,0,4,0,27,0,NA,NA,NA,NA,NA,NA,2177.4545454545455,78.9090909090909,410,11.636363636363637
2014,52,2014-12-21T00:00:00Z,2014-12-27T00:00:00Z,0,0,0,2,1,0,0,0,188,NA,1,0,398,0,1,7,0,0,0,0,0,1,5,0,NA,1,0,0,5,0,27,0,NA,NA,NA,NA,NA,NA,2406.75,89.5,410.25,14.25
2014,53,2014-12-28T00:00:00Z,2015-01-03T00:00:00Z,0,0,2,1,2,0,0,0,158,NA,1,0,375,0,1,6,0,0,0,1,0,0,8,2,NA,1,0,0,3,0,29,0,NA,NA,NA,NA,NA,NA,2731.75,90.25,475.5,19
2015,1,2015-01-04T00:00:00Z,2015-01-10T00:00:00Z,0,2,1,0,0,0,0,0,256,1,1,2,422,0,0,8,1,0,0,2,1,0,12,1,NA,2,0,2,3,0,44,0,NA,NA,NA,NA,NA,NA,2822.3636363636365,106.72727272727273,508.72727272727275,13.090909090909092
2015,2,2015-01-11T00:00:00Z,2015-01-17T00:00:00Z,0,1,2,1,0,0,0,0,228,0,0,1,554,0,0,10,0,0,0,0,2,1,9,0,NA,1,1,2,3,0,40,0,NA,NA,NA,NA,NA,NA,2921.4545454545455,103.63636363636364,513.8181818181819,15.636363636363637
2015,3,2015-01-18T00:00:00Z,2015-01-24T00:00:00Z,0,0,2,5,1,0,0,0,237,0,0,0,492,0,0,9,0,0,0,0,0,0,9,0,NA,1,0,1,2,0,30,0,NA,NA,NA,NA,NA,NA,3034.5454545454545,98.54545454545455,508,17.09090909090909
2015,4,2015-01-25T00:00:00Z,2015-01-31T00:00:00Z,0,0,4,0,2,0,0,0,259,0,0,1,502,0,0,10,0,0,0,0,2,1,10,0,NA,0,0,2,2,0,21,0,NA,NA,NA,NA,NA,NA,2917.6363636363635,107.0909090909091,442,14.363636363636363
2015,5,2015-02-01T00:00:00Z,2015-02-07T00:00:00Z,0,0,1,1,1,0,0,0,212,0,0,2,492,0,2,12,0,0,0,0,0,0,4,0,NA,1,0,2,3,0,22,0,NA,NA,NA,NA,NA,NA,2930.7272727272725,90.36363636363636,474,18.545454545454547
2015,6,2015-02-08T00:00:00Z,2015-02-14T00:00:00Z,0,0,1,3,1,0,0,0,173,0,1,0,690,0,0,11,1,0,0,2,0,1,5,2,NA,0,0,1,2,0,31,0,NA,NA,NA,NA,NA,NA,2997.4545454545455,90.72727272727273,465.09090909090907,13.636363636363637
2015,7,2015-02-15T00:00:00Z,2015-02-21T00:00:00Z,0,0,1,1,1,0,0,0,99,1,0,1,417,0,1,9,1,0,0,0,0,0,11,0,NA,1,0,1,3,0,24,0,NA,NA,NA,NA,NA,NA,2958.6666666666665,96.33333333333333,413.6666666666667,23
2015,8,2015-02-22T00:00:00Z,2015-02-28T00:00:00Z,0,1,0,2,0,0,0,0,172,0,0,0,573,0,2,11,0,0,0,2,2,1,17,0,NA,2,0,1,5,0,30,0,NA,NA,NA,NA,NA,NA,2821.4545454545455,94.18181818181819,516.9090909090909,20.181818181818183
2015,9,2015-03-01T00:00:00Z,2015-03-07T00:00:00Z,0,1,0,0,0,0,0,0,189,1,0,0,645,0,0,2,0,0,0,2,0,0,8,0,NA,1,0,0,1,0,31,0,NA,NA,NA,NA,NA,NA,2589.818181818182,95.63636363636364,494,14
2015,10,2015-03-08T00:00:00Z,2015-03-14T00:00:00Z,0,1,1,0,1,0,0,0,110,0,1,0,609,0,0,6,0,0,0,3,0,1,5,0,NA,0,0,1,2,0,27,0,NA,NA,NA,NA,NA,NA,2512.5454545454545,86,480.54545454545456,18.727272727272727
2015,11,2015-03-15T00:00:00Z,2015-03-21T00:00:00Z,0,4,2,0,0,0,0,0,91,0,1,1,556,0,0,8,1,0,0,1,0,1,7,1,NA,0,0,1,1,0,27,0,NA,NA,NA,NA,NA,NA,2287.6363636363635,81.81818181818181,404.90909090909093,18.363636363636363
2015,12,2015-03-22T00:00:00Z,2015-03-28T00:00:00Z,0,1,1,0,3,0,0,0,129,1,0,0,558,0,0,5,0,0,0,3,0,0,4,0,NA,1,0,2,0,0,42,0,NA,NA,NA,NA,NA,NA,2400.5454545454545,83.45454545454545,448.3636363636364,15.272727272727273
2015,13,2015-03-29T00:00:00Z,2015-04-04T00:00:00Z,0,1,0,1,0,0,0,0,90,1,0,1,463,0,0,15,0,0,0,1,0,1,13,0,NA,2,0,0,1,0,31,0,NA,NA,NA,NA,NA,NA,2340.6666666666665,75.11111111111111,416.44444444444446,14.444444444444445
2015,14,2015-04-05T00:00:00Z,2015-04-11T00:00:00Z,0,0,0,0,0,0,0,0,107,0,5,0,537,0,3,12,1,0,0,0,1,0,1,0,NA,1,0,1,4,0,37,0,NA,NA,NA,NA,NA,NA,2366.3636363636365,84,462.54545454545456,13.636363636363637
2015,15,2015-04-12T00:00:00Z,2015-04-18T00:00:00Z,0,1,0,0,2,0,0,0,137,0,0,1,633,0,4,11,0,0,0,0,1,1,9,0,NA,0,0,1,2,0,34,0,NA,NA,NA,NA,NA,NA,2469.4545454545455,92,496.90909090909093,14.727272727272727
2015,16,2015-04-19T00:00:00Z,2015-04-25T00:00:00Z,0,2,1,1,2,0,0,0,113,0,1,2,693,0,2,13,0,0,0,2,1,1,14,0,NA,1,0,1,0,0,40,0,NA,NA,NA,NA,NA,NA,2534.181818181818,84.9090909090909,479.8181818181818,13.090909090909092
2015,17,2015-04-26T00:00:00Z,2015-05-02T00:00:00Z,0,0,1,0,1,0,0,0,120,0,1,0,721,0,1,6,1,0,0,3,0,0,8,1,NA,0,0,2,2,0,29,0,NA,NA,NA,NA,NA,NA,2645.3333333333335,77.55555555555556,468.22222222222223,14.666666666666666
2015,18,2015-05-03T00:00:00Z,2015-05-09T00:00:00Z,0,0,2,0,2,0,0,0,135,0,1,1,778,0,0,12,0,0,0,1,1,0,5,0,NA,1,0,0,4,0,31,0,NA,NA,NA,NA,NA,NA,2882.3636363636365,86.9090909090909,515.2727272727273,12.909090909090908
2015,19,2015-05-10T00:00:00Z,2015-05-16T00:00:00Z,0,0,2,0,1,0,0,0,157,1,1,0,782,0,1,12,1,0,0,2,0,1,8,0,NA,0,0,2,2,0,24,0,NA,NA,NA,NA,NA,NA,2756.909090909091,79.27272727272727,481.6363636363636,20.727272727272727
2015,20,2015-05-17T00:00:00Z,2015-05-23T00:00:00Z,0,0,1,2,0,0,0,0,109,0,0,0,855,0,1,9,0,0,0,2,0,0,9,0,NA,0,0,0,6,0,36,0,NA,NA,NA,NA,NA,NA,2828.181818181818,81.63636363636364,495.09090909090907,19.636363636363637
2015,21,2015-05-24T00:00:00Z,2015-05-30T00:00:00Z,0,0,1,1,2,0,0,0,178,2,1,2,1004,0,1,11,1,0,0,1,3,0,9,0,NA,1,0,0,2,0,36,0,NA,NA,NA,NA,NA,NA,3000.909090909091,93.63636363636364,492.1818181818182,15.636363636363637
2015,22,2015-05-31T00:00:00Z,2015-06-06T00:00:00Z,0,0,0,0,1,0,0,0,151,1,1,1,721,0,0,9,1,0,0,1,0,0,7,0,NA,0,0,0,4,0,42,0,NA,NA,NA,NA,NA,NA,2843.5555555555557,79.55555555555556,421.77777777777777,13.333333333333334
2015,23,2015-06-07T00:00:00Z,2015-06-13T00:00:00Z,0,0,1,1,1,0,0,0,192,1,1,0,540,0,1,9,0,0,0,1,1,0,2,0,NA,3,0,0,2,0,26,0,NA,NA,NA,NA,NA,NA,2636.5454545454545,79.27272727272727,421.8181818181818,12
2015,24,2015-06-14T00:00:00Z,2015-06-20T00:00:00Z,0,2,2,1,0,0,0,0,207,0,1,1,541,0,1,13,0,0,0,0,0,1,5,0,NA,4,1,1,1,0,44,0,NA,NA,NA,NA,NA,NA,2630.909090909091,64.9090909090909,399.45454545454544,10.181818181818182
2015,25,2015-06-21T00:00:00Z,2015-06-27T00:00:00Z,0,0,1,0,1,0,0,0,240,0,3,0,578,0,0,15,0,0,0,2,0,0,9,0,NA,0,0,2,5,0,39,0,NA,NA,NA,NA,NA,NA,2651.4545454545455,68.54545454545455,442.1818181818182,12
2015,26,2015-06-28T00:00:00Z,2015-07-04T00:00:00Z,0,1,0,3,1,0,0,0,242,0,0,0,455,0,1,10,1,0,0,0,0,0,7,1,NA,2,1,1,1,0,41,0,NA,NA,NA,NA,NA,NA,2318.7272727272725,80.54545454545455,493.09090909090907,11.272727272727273
2015,27,2015-07-05T00:00:00Z,2015-07-11T00:00:00Z,0,0,0,4,0,0,0,0,272,0,2,0,430,0,5,4,0,0,0,1,0,1,7,0,NA,0,0,2,5,0,23,0,NA,NA,NA,NA,NA,NA,2356.909090909091,82.72727272727273,530,13.454545454545455
2015,28,2015-07-12T00:00:00Z,2015-07-18T00:00:00Z,0,0,2,0,0,0,0,0,263,0,2,1,385,0,0,10,0,0,0,2,0,0,6,2,NA,0,0,0,4,0,41,0,NA,NA,NA,NA,NA,NA,2317.777777777778,68.44444444444444,554,11.777777777777779
2015,29,2015-07-19T00:00:00Z,2015-07-25T00:00:00Z,0,0,0,0,1,0,0,0,293,0,1,3,448,0,2,16,0,0,0,3,1,0,6,2,NA,0,0,3,3,0,43,0,NA,NA,NA,NA,NA,NA,2454.909090909091,70.36363636363636,554.9090909090909,10.545454545454545
2015,30,2015-07-26T00:00:00Z,2015-08-01T00:00:00Z,0,0,0,0,2,0,0,0,250,0,2,0,438,0,0,5,0,0,0,0,0,0,7,0,NA,1,1,0,6,0,30,0,NA,NA,NA,NA,NA,NA,2391.6363636363635,76.36363636363636,509.6363636363636,8.727272727272727
2015,31,2015-08-02T00:00:00Z,2015-08-08T00:00:00Z,0,0,1,1,3,0,0,0,226,0,2,3,367,0,1,6,0,0,0,0,1,0,10,0,NA,1,0,1,2,0,36,0,NA,NA,NA,NA,NA,NA,2475.1111111111113,74.44444444444444,515.5555555555555,13.11111111111111
2015,32,2015-08-09T00:00:00Z,2015-08-15T00:00:00Z,0,0,1,4,0,0,0,0,221,0,1,1,478,0,0,7,0,0,0,0,1,0,7,0,NA,0,0,0,4,1,41,0,NA,NA,NA,NA,NA,NA,2880.4444444444443,76,576,13.333333333333334
2015,33,2015-08-16T00:00:00Z,2015-08-22T00:00:00Z,0,2,0,0,1,0,0,0,250,0,2,2,554,0,2,10,0,0,0,2,0,0,8,0,NA,1,0,1,3,0,44,0,NA,NA,NA,NA,NA,NA,2810.3636363636365,77.81818181818181,516.7272727272727,15.454545454545455
2015,34,2015-08-23T00:00:00Z,2015-08-29T00:00:00Z,1,0,2,0,1,0,0,0,225,0,1,0,533,0,0,10,0,0,0,0,1,0,8,0,NA,1,0,1,5,0,50,0,NA,NA,NA,NA,NA,NA,2625.2727272727275,80,476.90909090909093,17.272727272727273
2015,35,2015-08-30T00:00:00Z,2015-09-05T00:00:00Z,0,0,0,5,0,0,0,0,246,0,0,0,483,0,0,9,1,0,0,0,1,0,11,0,NA,0,0,0,3,0,58,0,NA,NA,NA,NA,NA,NA,2422.7272727272725,74.54545454545455,439.09090909090907,12
2015,36,2015-09-06T00:00:00Z,2015-09-12T00:00:00Z,0,0,1,1,1,0,0,0,217,0,3,1,407,0,0,7,0,0,0,1,0,0,9,1,NA,0,0,3,5,0,42,0,NA,NA,NA,NA,NA,NA,2280,83.55555555555556,396,14.88888888888889
2015,37,2015-09-13T00:00:00Z,2015-09-19T00:00:00Z,0,0,1,2,1,0,0,0,303,0,1,0,414,0,2,14,0,0,0,0,2,0,7,0,NA,1,0,0,5,0,43,0,NA,NA,NA,NA,NA,NA,2820.5454545454545,95.45454545454545,412.90909090909093,13.818181818181818
2015,38,2015-09-20T00:00:00Z,2015-09-26T00:00:00Z,0,1,0,1,0,0,0,0,214,0,1,1,403,0,1,2,0,0,0,4,1,0,11,1,NA,2,0,0,1,0,41,0,NA,NA,NA,NA,NA,NA,2738.4444444444443,97.11111111111111,429.77777777777777,15.777777777777779
2015,39,2015-09-27T00:00:00Z,2015-10-03T00:00:00Z,0,0,1,0,1,0,0,0,257,0,2,3,441,0,1,12,0,0,0,0,1,0,5,0,NA,1,0,3,1,1,39,0,NA,NA,NA,NA,NA,NA,2928.7272727272725,101.27272727272727,395.09090909090907,14
2015,40,2015-10-04T00:00:00Z,2015-10-10T00:00:00Z,0,0,1,0,1,0,0,0,235,0,1,1,431,0,0,8,1,0,0,1,0,0,6,24,NA,1,0,1,0,0,47,0,NA,NA,NA,NA,NA,NA,2619.090909090909,83.81818181818181,433.45454545454544,13.818181818181818
2015,41,2015-10-11T00:00:00Z,2015-10-17T00:00:00Z,0,0,0,0,1,0,0,0,235,0,1,4,585,0,1,8,0,0,0,2,0,1,4,2,NA,2,0,0,2,0,42,0,NA,NA,NA,NA,NA,NA,2529.090909090909,75.45454545454545,443.45454545454544,12.545454545454545
2015,42,2015-10-18T00:00:00Z,2015-10-24T00:00:00Z,0,1,1,1,4,0,0,0,224,0,0,1,477,0,1,6,0,0,0,0,1,1,10,3,NA,1,0,2,3,0,51,0,NA,NA,NA,NA,NA,NA,2611.818181818182,80.72727272727273,452,12.363636363636363
2015,43,2015-10-25T00:00:00Z,2015-10-31T00:00:00Z,1,1,3,1,3,0,0,0,246,0,1,0,438,0,1,12,2,0,0,0,0,0,10,1,NA,0,0,1,4,0,39,0,NA,NA,NA,NA,NA,NA,2587.6363636363635,88.18181818181819,432,13.454545454545455
2015,44,2015-11-01T00:00:00Z,2015-11-07T00:00:00Z,0,1,1,1,3,0,0,0,266,0,0,2,502,0,0,6,0,0,0,7,2,0,9,1,NA,0,0,2,1,0,40,0,NA,NA,NA,NA,NA,NA,2532.7272727272725,74.72727272727273,452.72727272727275,13.818181818181818
2015,45,2015-11-08T00:00:00Z,2015-11-14T00:00:00Z,0,0,0,1,1,0,0,0,198,0,0,1,523,0,0,9,0,0,0,2,0,0,8,1,NA,0,1,1,0,0,58,0,NA,NA,NA,NA,NA,NA,2720.6666666666665,70.88888888888889,519.1111111111111,17.333333333333332
2015,46,2015-11-15T00:00:00Z,2015-11-21T00:00:00Z,0,0,0,2,2,0,0,0,254,0,0,0,600,0,0,10,0,0,0,1,1,0,10,0,NA,1,1,0,2,1,52,0,NA,NA,NA,NA,NA,NA,2672.5454545454545,70.18181818181819,459.8181818181818,11.454545454545455
2015,47,2015-11-22T00:00:00Z,2015-11-28T00:00:00Z,1,0,0,0,3,0,0,0,285,1,4,1,610,0,2,10,0,0,0,1,0,0,6,1,NA,0,0,3,2,0,48,0,NA,NA,NA,NA,NA,NA,2488.3636363636365,65.45454545454545,454.90909090909093,12.727272727272727
2015,48,2015-11-29T00:00:00Z,2015-12-05T00:00:00Z,0,0,0,2,2,0,0,0,259,0,1,1,533,0,0,8,0,0,0,0,0,1,8,0,NA,0,0,2,8,0,46,0,NA,NA,NA,NA,NA,NA,2454.909090909091,67.63636363636364,446.72727272727275,7.454545454545454
2015,49,2015-12-06T00:00:00Z,2015-12-12T00:00:00Z,0,1,1,0,0,0,0,0,356,1,0,0,568,0,0,6,1,0,0,1,1,1,9,0,NA,0,0,2,1,0,41,0,NA,NA,NA,NA,NA,NA,2319.4545454545455,76.36363636363636,438.3636363636364,8.727272727272727
2015,50,2015-12-13T00:00:00Z,2015-12-19T00:00:00Z,0,0,1,1,2,0,0,0,333,0,0,0,548,0,0,3,1,0,0,0,0,0,16,1,NA,1,0,2,0,0,48,0,NA,NA,NA,NA,NA,NA,2303.6363636363635,76.54545454545455,428.54545454545456,9.636363636363637
2015,51,2015-12-20T00:00:00Z,2015-12-26T00:00:00Z,0,0,3,0,3,0,0,0,372,0,1,0,432,0,1,11,0,0,0,2,1,0,7,0,NA,2,0,0,2,0,58,0,NA,NA,NA,NA,NA,NA,2413.75,88.75,436,15
2015,52,2015-12-27T00:00:00Z,2016-01-02T00:00:00Z,0,1,0,0,3,0,0,0,459,0,0,0,370,0,0,7,0,0,0,1,0,1,8,0,NA,1,0,0,2,0,40,0,NA,NA,NA,NA,NA,NA,2494,97,468.25,15.25
2016,1,2016-01-03T00:00:00Z,2016-01-09T00:00:00Z,1,1,0,0,1,0,0,0,547,0,1,1,417,0,0,8,1,0,0,0,1,0,14,1,NA,0,0,1,3,0,57,0,0,NA,NA,NA,NA,NA,2604.3636363636365,94.18181818181819,492,14.909090909090908
2016,2,2016-01-10T00:00:00Z,2016-01-16T00:00:00Z,0,0,0,3,1,0,0,0,620,0,0,1,505,0,0,7,0,0,0,1,1,0,4,0,NA,2,0,2,2,0,52,0,0,NA,NA,NA,NA,NA,2775.4545454545455,86.18181818181819,513.2727272727273,15.454545454545455
2016,3,2016-01-17T00:00:00Z,2016-01-23T00:00:00Z,0,1,2,3,2,0,0,0,636,1,0,0,588,0,0,11,0,0,0,0,1,0,9,0,NA,1,1,2,1,0,49,0,0,NA,NA,NA,NA,NA,2946.3636363636365,83.0909090909091,521.2727272727273,16.363636363636363
2016,4,2016-01-24T00:00:00Z,2016-01-30T00:00:00Z,0,0,4,0,0,0,0,0,623,1,0,1,587,0,0,10,0,0,0,2,0,0,6,0,NA,2,0,1,3,0,42,0,0,NA,NA,NA,NA,NA,3111.090909090909,62.18181818181818,529.2727272727273,13.818181818181818
2016,5,2016-01-31T00:00:00Z,2016-02-06T00:00:00Z,0,0,1,0,2,0,0,0,523,2,0,0,669,0,1,9,0,0,0,1,1,0,6,0,NA,0,0,1,2,0,54,0,0,NA,NA,NA,NA,NA,3125.4545454545455,75.0909090909091,519.2727272727273,11.090909090909092
2016,6,2016-02-07T00:00:00Z,2016-02-13T00:00:00Z,0,0,0,1,0,0,0,0,419,0,0,0,587,0,0,9,0,0,0,1,0,0,5,0,NA,2,0,0,2,0,35,0,0,NA,NA,NA,NA,NA,3739.714285714286,92.28571428571429,624,16.571428571428573
2016,7,2016-02-14T00:00:00Z,2016-02-20T00:00:00Z,0,0,0,2,3,0,0,0,589,1,0,2,699,0,2,8,0,0,0,0,0,1,13,0,NA,0,0,1,5,0,49,0,0,NA,NA,NA,NA,NA,3174,86.9090909090909,538.3636363636364,17.09090909090909
2016,8,2016-02-21T00:00:00Z,2016-02-27T00:00:00Z,0,0,4,0,0,0,0,0,507,4,0,0,756,0,1,10,0,0,0,0,1,0,14,2,NA,0,0,1,4,0,52,0,0,NA,NA,NA,NA,NA,3148.3636363636365,82.36363636363636,508,13.090909090909092
2016,9,2016-02-28T00:00:00Z,2016-03-05T00:00:00Z,0,1,1,1,0,0,0,0,411,0,1,0,831,0,1,4,0,0,0,1,0,0,8,0,NA,1,0,3,2,0,39,0,0,NA,NA,NA,NA,NA,3000.7272727272725,85.63636363636364,456,15.090909090909092
2016,10,2016-03-06T00:00:00Z,2016-03-12T00:00:00Z,0,2,2,2,2,0,0,0,395,1,0,0,979,0,2,6,0,0,0,2,1,1,10,1,NA,2,0,2,4,0,26,0,0,NA,NA,NA,NA,NA,2702,81.0909090909091,489.8181818181818,15.272727272727273
2016,11,2016-03-13T00:00:00Z,2016-03-19T00:00:00Z,0,1,0,1,1,0,0,0,372,1,1,0,905,0,2,9,0,0,0,4,1,0,6,0,NA,0,0,1,3,0,41,0,0,NA,NA,NA,NA,NA,2382.3636363636365,73.27272727272727,418.90909090909093,14.363636363636363
2016,12,2016-03-20T00:00:00Z,2016-03-26T00:00:00Z,0,1,0,0,2,0,0,0,304,2,1,0,860,0,2,7,0,0,0,2,0,0,2,0,NA,0,0,1,1,0,25,0,0,NA,NA,NA,NA,NA,2596.4444444444443,91.11111111111111,471.77777777777777,17.555555555555557
2016,13,2016-03-27T00:00:00Z,2016-04-02T00:00:00Z,0,3,0,1,0,0,0,0,376,1,0,0,937,0,4,7,1,0,0,1,0,0,7,0,NA,2,0,1,0,0,39,0,0,NA,NA,NA,NA,NA,2530,78,448.90909090909093,14.181818181818182
2016,14,2016-04-03T00:00:00Z,2016-04-09T00:00:00Z,0,0,0,2,1,0,0,0,289,2,0,2,807,0,1,7,1,0,0,0,0,0,12,0,NA,0,0,3,2,0,29,0,0,NA,NA,NA,NA,NA,2416.909090909091,71.0909090909091,464.72727272727275,13.636363636363637
2016,15,2016-04-10T00:00:00Z,2016-04-16T00:00:00Z,0,0,0,0,3,0,0,0,224,0,1,0,987,0,2,7,0,0,0,1,0,1,13,0,NA,1,0,1,2,0,42,0,0,NA,NA,NA,NA,NA,2382.5454545454545,73.0909090909091,475.45454545454544,12.363636363636363
2016,16,2016-04-17T00:00:00Z,2016-04-23T00:00:00Z,0,0,1,1,1,0,0,0,229,0,1,0,1051,0,6,5,0,0,0,1,0,0,13,1,NA,0,0,0,2,0,48,0,0,NA,NA,NA,NA,NA,2487.2727272727275,71.27272727272727,471.45454545454544,14
2016,17,2016-04-24T00:00:00Z,2016-04-30T00:00:00Z,0,0,2,1,3,0,0,0,242,0,0,0,1020,0,6,12,0,0,0,1,1,0,12,0,NA,1,0,1,6,0,47,0,0,NA,NA,NA,NA,NA,2520.181818181818,74.36363636363636,494,14
2016,18,2016-05-01T00:00:00Z,2016-05-07T00:00:00Z,0,1,0,0,3,0,0,0,180,0,0,0,1077,0,3,12,0,0,0,1,2,1,8,1,NA,0,0,2,6,0,38,0,0,NA,NA,NA,NA,NA,2714.6666666666665,72.66666666666667,515.5555555555555,15.777777777777779
2016,19,2016-05-08T00:00:00Z,2016-05-14T00:00:00Z,0,1,1,0,3,0,0,0,216,0,0,0,1316,0,11,10,0,0,0,1,0,0,5,0,NA,0,0,1,2,0,48,0,1,NA,NA,NA,NA,NA,2647.818181818182,73.27272727272727,503.6363636363636,14.727272727272727
2016,20,2016-05-15T00:00:00Z,2016-05-21T00:00:00Z,0,1,1,1,9,0,0,0,212,0,1,1,1314,0,6,9,0,0,0,0,0,0,19,1,NA,3,0,2,1,0,42,0,0,NA,NA,NA,NA,NA,2852.6,72.2,546.6,14.4
2016,21,2016-05-22T00:00:00Z,2016-05-28T00:00:00Z,0,0,2,0,2,0,0,0,198,0,0,0,1344,0,7,14,0,0,0,2,0,0,5,1,NA,0,0,0,3,0,57,0,0,NA,NA,NA,NA,NA,2775.2727272727275,70,492,14.545454545454545
2016,22,2016-05-29T00:00:00Z,2016-06-04T00:00:00Z,0,0,1,5,0,0,0,0,215,1,0,1,1234,0,5,17,0,0,0,2,0,0,12,0,NA,1,0,1,3,0,45,0,0,NA,NA,NA,NA,NA,2634.3636363636365,70,453.45454545454544,8.545454545454545
2016,23,2016-06-05T00:00:00Z,2016-06-11T00:00:00Z,0,1,1,1,4,0,0,0,157,1,0,0,1117,0,3,15,1,0,0,0,0,0,9,0,NA,2,0,3,3,0,52,0,0,NA,NA,NA,NA,NA,2520.909090909091,71.45454545454545,418.1818181818182,9.636363636363637
2016,24,2016-06-12T00:00:00Z,2016-06-18T00:00:00Z,0,0,2,1,6,0,0,0,192,1,2,0,1066,0,4,12,1,0,0,1,1,0,5,3,NA,2,1,9,3,0,28,0,0,NA,NA,NA,NA,NA,2563.818181818182,66.18181818181819,444.90909090909093,11.636363636363637
2016,25,2016-06-19T00:00:00Z,2016-06-25T00:00:00Z,0,0,0,0,4,0,0,0,215,0,0,1,1034,0,1,13,0,0,0,0,2,0,8,0,NA,2,0,3,6,0,43,0,0,NA,NA,NA,NA,NA,2818.5454545454545,76.72727272727273,445.45454545454544,10.909090909090908
2016,26,2016-06-26T00:00:00Z,2016-07-02T00:00:00Z,0,0,1,0,1,0,0,0,234,0,1,1,972,0,0,12,0,0,0,1,5,0,11,0,NA,0,0,0,4,0,53,0,0,NA,NA,NA,NA,NA,3021.2727272727275,83.0909090909091,520.7272727272727,15.272727272727273
2016,27,2016-07-03T00:00:00Z,2016-07-09T00:00:00Z,0,0,0,0,0,0,0,0,246,1,0,0,798,0,0,8,1,0,0,2,1,0,8,0,NA,2,0,1,0,0,48,0,0,NA,NA,NA,NA,NA,2989.1111111111113,84.44444444444444,634.2222222222222,18.88888888888889
2016,28,2016-07-10T00:00:00Z,2016-07-16T00:00:00Z,0,0,0,2,2,0,0,0,223,0,1,0,871,0,1,11,2,0,0,1,1,0,3,0,NA,0,1,1,3,0,80,0,0,NA,NA,NA,NA,NA,2940,77.81818181818181,593.0909090909091,12.545454545454545
2016,29,2016-07-17T00:00:00Z,2016-07-23T00:00:00Z,0,1,2,3,4,0,0,0,266,0,0,0,884,0,0,12,0,0,0,2,0,1,14,0,NA,1,0,3,2,0,58,0,0,NA,NA,NA,NA,NA,3427.2727272727275,72.18181818181819,586.9090909090909,11.454545454545455
2016,30,2016-07-24T00:00:00Z,2016-07-30T00:00:00Z,0,0,1,5,3,0,0,0,221,1,0,0,908,0,0,15,1,0,0,2,1,0,3,0,NA,3,0,3,0,0,35,0,0,NA,NA,NA,NA,NA,3566.181818181818,74,571.4545454545455,13.818181818181818
2016,31,2016-07-31T00:00:00Z,2016-08-06T00:00:00Z,0,0,0,1,1,0,0,0,210,0,1,0,972,0,2,8,0,0,0,3,2,1,1,1,NA,3,0,3,7,0,41,0,0,NA,NA,NA,NA,NA,3498.5454545454545,83.27272727272727,550.7272727272727,12
2016,32,2016-08-07T00:00:00Z,2016-08-13T00:00:00Z,0,0,1,1,3,0,0,0,197,1,1,1,917,0,1,8,0,0,0,0,0,0,5,1,NA,1,0,0,1,0,46,0,0,NA,NA,NA,NA,NA,3233.3333333333335,80.66666666666667,592.4444444444445,17.11111111111111
2016,33,2016-08-14T00:00:00Z,2016-08-20T00:00:00Z,0,0,2,2,5,0,0,0,221,1,3,0,914,0,1,7,0,0,0,1,1,0,6,1,NA,1,0,2,3,2,48,0,0,NA,NA,NA,NA,NA,2833.6363636363635,77.0909090909091,550.3636363636364,13.090909090909092
2016,34,2016-08-21T00:00:00Z,2016-08-27T00:00:00Z,0,0,0,1,0,0,0,0,274,0,1,2,948,0,3,9,0,0,0,5,2,2,6,0,NA,3,0,1,4,0,26,0,1,NA,NA,NA,NA,NA,2686.909090909091,77.63636363636364,520.9090909090909,14.363636363636363
2016,35,2016-08-28T00:00:00Z,2016-09-03T00:00:00Z,0,1,2,2,0,0,0,0,310,1,2,1,906,0,2,13,1,0,0,1,1,0,13,0,NA,0,0,1,3,0,36,0,215,NA,NA,NA,NA,NA,2573.090909090909,81.63636363636364,500.90909090909093,15.090909090909092
2016,36,2016-09-04T00:00:00Z,2016-09-10T00:00:00Z,0,0,1,0,3,0,0,0,242,0,2,4,867,0,5,18,1,0,0,4,0,0,20,0,NA,0,0,2,1,0,44,0,107,NA,NA,NA,NA,NA,2370.7272727272725,75.45454545454545,452.72727272727275,10.181818181818182
2016,37,2016-09-11T00:00:00Z,2016-09-17T00:00:00Z,0,0,1,0,2,0,0,0,175,0,2,2,778,0,1,12,0,0,0,1,0,0,13,0,NA,2,0,2,1,0,47,0,62,NA,NA,NA,NA,NA,2566.222222222222,88,617.3333333333334,13.555555555555555
2016,38,2016-09-18T00:00:00Z,2016-09-24T00:00:00Z,1,0,0,0,2,0,0,0,174,0,2,3,756,0,0,13,1,0,0,0,0,1,13,0,NA,0,0,0,5,2,30,0,11,NA,NA,NA,NA,NA,2449.4545454545455,82.9090909090909,553.6363636363636,10.909090909090908
2016,39,2016-09-25T00:00:00Z,2016-10-01T00:00:00Z,0,1,0,1,2,0,0,0,138,0,0,2,737,0,3,11,0,0,0,3,0,1,10,0,NA,3,0,0,1,0,37,0,8,NA,NA,NA,NA,NA,2384,84.36363636363636,524.7272727272727,16.545454545454547
2016,40,2016-10-02T00:00:00Z,2016-10-08T00:00:00Z,0,0,1,2,4,0,0,0,125,0,0,0,555,0,2,14,0,0,0,1,0,1,11,0,NA,2,0,0,3,0,47,0,4,NA,NA,NA,NA,NA,2378,72.72727272727273,558.9090909090909,14.363636363636363
2016,41,2016-10-09T00:00:00Z,2016-10-15T00:00:00Z,0,0,1,0,6,0,0,0,94,0,2,1,616,0,2,10,0,0,0,2,0,0,6,1,NA,1,0,2,3,0,41,0,11,NA,NA,NA,NA,NA,2423.2727272727275,78.36363636363636,582.3636363636364,20.181818181818183
2016,42,2016-10-16T00:00:00Z,2016-10-22T00:00:00Z,0,1,0,0,4,0,0,0,108,0,0,4,599,0,1,7,0,0,0,1,0,0,2,0,NA,2,0,2,1,0,46,0,11,NA,NA,NA,NA,NA,2408.181818181818,75.63636363636364,564.7272727272727,18.90909090909091
2016,43,2016-10-23T00:00:00Z,2016-10-29T00:00:00Z,0,0,1,0,3,0,0,0,84,0,0,0,474,0,2,14,0,0,0,2,0,1,5,0,NA,2,1,0,3,0,34,0,12,NA,NA,NA,NA,NA,2397.6,79.4,557.6,15.4
2016,44,2016-10-30T00:00:00Z,2016-11-05T00:00:00Z,0,0,2,0,1,0,0,0,85,1,0,2,489,0,1,16,0,0,0,2,0,0,8,0,NA,1,0,3,1,0,45,0,4,NA,NA,NA,NA,NA,2462,81.63636363636364,568.3636363636364,13.090909090909092
2016,45,2016-11-06T00:00:00Z,2016-11-12T00:00:00Z,0,0,2,1,0,0,0,0,84,0,0,1,505,0,4,11,0,0,0,2,0,0,11,1,NA,3,0,3,2,0,33,0,4,NA,NA,NA,NA,NA,2598.3636363636365,78.18181818181819,553.6363636363636,15.636363636363637
2016,46,2016-11-13T00:00:00Z,2016-11-19T00:00:00Z,0,0,1,0,3,0,0,0,72,0,0,2,581,0,5,13,0,0,0,3,0,1,7,1,NA,2,0,4,1,0,47,0,3,NA,NA,NA,NA,NA,2651.090909090909,83.81818181818181,518.9090909090909,10.545454545454545
2016,47,2016-11-20T00:00:00Z,2016-11-26T00:00:00Z,0,0,1,0,1,0,0,0,74,1,0,0,576,0,8,8,0,0,0,1,0,0,6,0,NA,1,0,0,2,1,40,0,1,NA,NA,NA,NA,NA,2619.6363636363635,86.72727272727273,511.8181818181818,14.181818181818182
2016,48,2016-11-27T00:00:00Z,2016-12-03T00:00:00Z,0,0,0,0,1,0,0,0,86,0,0,1,602,0,4,4,0,0,0,2,0,0,7,1,NA,3,0,0,4,0,0,0,2,NA,NA,NA,NA,NA,2588.7272727272725,100.18181818181819,488.72727272727275,14
2016,49,2016-12-04T00:00:00Z,2016-12-10T00:00:00Z,0,0,0,0,0,0,0,0,59,0,3,1,588,0,11,10,0,0,0,1,0,0,6,0,NA,0,3,0,0,2,0,0,1,NA,NA,NA,NA,NA,2377.4545454545455,101.63636363636364,478.90909090909093,11
2016,50,2016-12-11T00:00:00Z,2016-12-17T00:00:00Z,0,0,1,0,2,0,0,0,81,0,1,1,582,0,3,11,0,0,0,2,0,1,7,0,NA,2,1,2,2,2,0,0,0,NA,NA,NA,NA,NA,2409.818181818182,100.72727272727273,427.45454545454544,13
2016,51,2016-12-18T00:00:00Z,2016-12-24T00:00:00Z,0,0,4,1,1,0,NA,0,72,0,0,0,560,0,2,15,0,0,0,0,0,0,9,0,NA,1,1,0,2,3,1,0,0,NA,NA,NA,NA,NA,2275.090909090909,91.81818181818181,448.3636363636364,11
2016,52,2016-12-25T00:00:00Z,2016-12-31T00:00:00Z,0,0,1,2,2,0,0,0,64,0,0,0,512,0,3,12,1,0,0,0,0,0,5,0,NA,2,0,0,1,3,0,0,1,NA,NA,NA,NA,NA,2493.3333333333335,97.77777777777777,458,12
2017,1,2017-01-01T00:00:00Z,2017-01-07T00:00:00Z,0,3,3,2,3,0,0,0,70,0,0,0,501,0,3,6,0,0,0,2,0,0,7,1,2,2,0,1,1,1,48,0,0,0,0,0,0,0,2721.1111111111113,105.77777777777777,517.7777777777778,19.555555555555557
2017,2,2017-01-08T00:00:00Z,2017-01-14T00:00:00Z,0,1,4,0,1,0,0,0,90,1,0,0,588,0,4,15,0,0,0,1,0,0,7,0,0,2,0,3,2,0,43,0,0,0,0,0,0,0,2864.181818181818,91.27272727272727,542.5454545454545,17.272727272727273
2017,3,2017-01-15T00:00:00Z,2017-01-21T00:00:00Z,0,0,3,2,2,0,0,0,73,1,1,0,599,0,3,12,0,0,0,0,0,0,4,0,0,0,0,0,3,0,38,0,1,0,0,0,0,0,3059.6363636363635,90.54545454545455,558,16.363636363636363
2017,4,2017-01-22T00:00:00Z,2017-01-28T00:00:00Z,0,0,2,1,0,0,0,0,63,0,0,0,492,0,1,7,1,0,0,1,0,0,11,0,1,1,0,0,1,0,33,0,0,0,0,0,0,0,3002.2,81.8,508.8,13
2017,5,2017-01-29T00:00:00Z,2017-02-04T00:00:00Z,0,1,6,1,2,0,0,0,62,0,0,0,572,0,0,12,0,0,0,2,0,0,12,1,1,1,1,2,5,2,44,0,0,0,0,0,0,0,3520.8888888888887,98.22222222222223,582.8888888888889,16.88888888888889
2017,6,2017-02-05T00:00:00Z,2017-02-11T00:00:00Z,0,0,0,5,0,0,0,0,77,0,1,0,669,0,1,15,0,0,0,1,0,0,4,0,2,2,0,7,4,0,33,0,2,0,1,0,0,0,3352.181818181818,99.27272727272727,586.7272727272727,17.818181818181817
2017,7,2017-02-12T00:00:00Z,2017-02-18T00:00:00Z,0,0,4,0,0,0,0,0,51,2,0,0,692,0,4,9,1,0,0,1,0,0,3,1,2,2,1,0,2,0,25,0,1,0,0,0,0,0,3316.3636363636365,104.54545454545455,561.2727272727273,16.727272727272727
2017,8,2017-02-19T00:00:00Z,2017-02-25T00:00:00Z,0,1,0,0,0,0,0,0,54,0,0,0,762,0,3,9,1,0,0,2,0,0,10,1,0,0,0,0,6,0,46,0,0,0,0,0,0,1,2992.7272727272725,98.72727272727273,535.8181818181819,17.636363636363637
2017,9,2017-02-26T00:00:00Z,2017-03-04T00:00:00Z,0,0,1,2,2,0,0,0,41,0,0,1,855,0,1,12,0,0,0,2,0,1,6,0,1,0,0,2,4,0,45,0,1,0,0,0,0,0,3008,95.45454545454545,526.7272727272727,14
2017,10,2017-03-05T00:00:00Z,2017-03-11T00:00:00Z,0,0,0,0,1,0,0,0,32,0,1,0,943,0,2,11,0,0,0,1,0,1,8,0,1,0,0,2,2,0,32,0,0,0,0,0,0,0,3038.3636363636365,112.18181818181819,533.0909090909091,16.363636363636363
2017,11,2017-03-12T00:00:00Z,2017-03-18T00:00:00Z,0,0,1,2,0,0,0,0,34,1,1,0,797,0,1,14,0,0,0,0,0,0,8,0,1,3,0,2,2,0,31,0,0,0,0,0,0,0,2711.2727272727275,99.81818181818181,428.1818181818182,14
2017,12,2017-03-19T00:00:00Z,2017-03-25T00:00:00Z,0,0,0,2,3,0,0,0,32,0,0,2,790,0,2,8,0,0,0,0,0,1,7,0,0,1,0,0,3,0,63,0,1,0,0,0,0,1,2976.5454545454545,123.81818181818181,515.4545454545455,16.545454545454547
2017,13,2017-03-26T00:00:00Z,2017-04-01T00:00:00Z,0,0,0,3,2,0,0,0,49,1,0,0,663,0,4,12,0,0,0,0,0,2,7,0,0,1,1,0,5,0,45,0,2,0,0,0,0,0,2838.909090909091,112.72727272727273,486,16.181818181818183
2017,14,2017-04-02T00:00:00Z,2017-04-08T00:00:00Z,0,0,2,2,1,0,0,0,37,0,1,1,695,0,3,13,0,0,0,0,0,0,9,0,1,0,1,2,0,1,33,0,5,0,0,0,0,0,3023.4545454545455,98.36363636363636,530.5454545454545,16
2017,15,2017-04-09T00:00:00Z,2017-04-15T00:00:00Z,0,0,1,2,1,0,0,0,32,0,1,0,654,0,2,7,0,0,0,0,0,0,4,0,1,0,1,1,2,0,42,0,5,0,0,0,0,0,3163.5555555555557,98.66666666666667,548,22.444444444444443
2017,16,2017-04-16T00:00:00Z,2017-04-22T00:00:00Z,0,0,1,4,0,0,0,0,51,0,2,0,762,0,2,12,0,0,0,0,0,0,8,1,2,2,0,0,2,0,31,0,5,0,0,0,0,0,3202.181818181818,99.45454545454545,545.8181818181819,16.181818181818183
2017,17,2017-04-23T00:00:00Z,2017-04-29T00:00:00Z,0,0,1,4,2,0,0,0,37,0,0,0,752,0,0,7,1,0,0,0,0,0,11,0,1,0,0,0,0,0,32,0,7,0,0,0,0,0,3189.4545454545455,94.9090909090909,565.8181818181819,18.363636363636363
2017,18,2017-04-30T00:00:00Z,2017-05-06T00:00:00Z,0,1,1,2,0,0,0,0,42,0,2,0,755,0,0,13,1,0,0,0,0,1,6,0,0,1,0,1,1,0,43,0,3,0,0,0,0,0,3452,107.77777777777777,541.7777777777778,21.11111111111111
2017,19,2017-05-07T00:00:00Z,2017-05-13T00:00:00Z,0,1,0,1,0,0,0,0,48,0,0,0,732,0,0,8,1,0,0,1,0,1,9,0,1,2,0,0,4,0,38,0,1,0,0,0,0,0,3644.6666666666665,102.88888888888889,595.5555555555555,19.11111111111111
2017,20,2017-05-14T00:00:00Z,2017-05-20T00:00:00Z,0,0,0,2,2,0,0,0,48,2,0,1,793,0,2,7,0,0,0,1,0,1,10,0,1,1,0,0,3,0,40,0,1,0,0,0,0,0,3500.3636363636365,88,565.2727272727273,14.727272727272727
2017,21,2017-05-21T00:00:00Z,2017-05-27T00:00:00Z,0,1,0,1,0,0,0,0,50,0,2,0,789,0,2,10,1,0,0,0,0,0,9,0,2,0,0,0,6,0,44,0,4,0,0,0,0,0,3439.818181818182,84,548,14.363636363636363
2017,22,2017-05-28T00:00:00Z,2017-06-03T00:00:00Z,1,0,2,3,1,0,0,0,66,0,0,0,713,0,0,8,0,0,0,0,0,1,7,0,3,2,0,1,10,1,65,0,3,0,0,0,0,0,3241.4545454545455,84.18181818181819,484.3636363636364,9.636363636363637
2017,23,2017-06-04T00:00:00Z,2017-06-10T00:00:00Z,0,0,0,1,1,0,0,0,62,0,0,2,607,0,2,9,0,0,0,0,0,0,9,1,2,1,0,3,3,0,36,0,1,0,0,0,0,0,2842,86.72727272727273,467.6363636363636,13.818181818181818
2017,24,2017-06-11T00:00:00Z,2017-06-17T00:00:00Z,0,0,2,1,0,0,0,0,79,1,0,1,520,0,3,8,0,0,0,1,0,0,4,0,1,0,0,0,3,0,49,0,1,0,0,0,0,0,2476,82.72727272727273,464.1818181818182,10.363636363636363
2017,25,2017-06-18T00:00:00Z,2017-06-24T00:00:00Z,0,1,1,0,2,0,0,0,73,0,1,2,554,0,1,10,0,0,0,0,0,1,5,0,0,0,0,0,2,0,33,0,2,0,0,0,0,0,2374,82,454.54545454545456,11.636363636363637
2017,26,2017-06-25T00:00:00Z,2017-07-01T00:00:00Z,0,0,1,2,1,0,0,0,75,0,1,2,436,0,2,12,1,0,0,1,0,1,13,1,0,4,0,1,2,0,28,0,1,0,0,0,0,0,2793.3333333333335,84,616.6666666666666,18.88888888888889
2017,27,2017-07-02T00:00:00Z,2017-07-08T00:00:00Z,0,1,1,0,2,0,0,0,63,0,3,1,572,0,1,9,0,0,0,1,0,1,16,0,2,1,0,1,4,0,41,0,0,0,0,0,0,0,2834.7272727272725,77.0909090909091,529.0909090909091,12.545454545454545
2017,28,2017-07-09T00:00:00Z,2017-07-15T00:00:00Z,0,1,1,1,3,0,0,0,53,0,0,1,661,0,0,6,0,0,0,2,0,0,8,1,0,0,0,2,4,0,31,0,1,0,0,0,0,0,3190.7272727272725,84.9090909090909,616.3636363636364,17.272727272727273
2017,29,2017-07-16T00:00:00Z,2017-07-22T00:00:00Z,0,1,1,2,0,0,0,0,51,0,0,0,692,0,1,9,0,0,0,1,0,0,9,2,1,1,0,1,2,0,30,0,0,0,0,0,0,0,3355.4545454545455,95.81818181818181,612,13.636363636363637
2017,30,2017-07-23T00:00:00Z,2017-07-29T00:00:00Z,0,1,0,2,4,0,0,0,66,1,1,0,803,0,0,15,0,0,0,0,0,0,15,0,1,0,0,1,8,0,45,0,6,0,0,0,0,0,3132.3636363636365,88.36363636363636,604.5454545454545,14.363636363636363
2017,31,2017-07-30T00:00:00Z,2017-08-05T00:00:00Z,0,0,0,2,4,0,0,0,60,0,1,1,872,1,0,7,0,0,0,0,0,0,13,0,0,0,0,1,2,0,40,0,6,0,0,0,0,0,2867.090909090909,87.45454545454545,576.1818181818181,16.181818181818183
2017,32,2017-08-06T00:00:00Z,2017-08-12T00:00:00Z,0,0,3,2,0,0,0,0,56,0,1,1,695,0,2,15,1,0,0,2,0,0,9,0,3,1,0,2,2,0,46,0,2,0,0,0,0,2,2782.8888888888887,87.11111111111111,597.1111111111111,15.333333333333334
2017,33,2017-08-13T00:00:00Z,2017-08-19T00:00:00Z,0,0,0,2,7,0,0,0,52,1,1,2,711,0,0,5,2,0,0,1,0,0,15,0,2,0,0,0,6,0,27,0,2,0,0,0,0,0,2892.7272727272725,80.18181818181819,599.0909090909091,12.363636363636363
2017,34,2017-08-20T00:00:00Z,2017-08-26T00:00:00Z,0,0,2,1,1,0,0,0,51,1,1,1,840,0,0,13,3,0,0,1,0,0,7,1,1,2,0,3,4,0,37,0,0,0,0,0,0,0,2770.7272727272725,77.63636363636364,567.8181818181819,14.727272727272727
2017,35,2017-08-27T00:00:00Z,2017-09-02T00:00:00Z,0,0,1,0,3,0,0,0,33,0,3,0,761,0,1,12,0,0,0,1,0,0,13,0,0,2,0,5,4,0,39,0,1,0,0,0,0,0,2502.4444444444443,81.33333333333333,480.6666666666667,16.88888888888889
2017,36,2017-09-03T00:00:00Z,2017-09-09T00:00:00Z,0,0,1,2,3,0,0,0,40,0,1,1,659,1,1,14,1,0,0,0,0,1,13,2,2,1,1,0,4,0,46,0,0,0,0,0,0,0,2378.3636363636365,74.72727272727273,460.54545454545456,12.909090909090908
2017,37,2017-09-10T00:00:00Z,2017-09-16T00:00:00Z,0,1,0,1,2,0,0,0,53,0,1,0,717,0,1,5,0,0,0,1,0,1,11,0,0,1,0,5,2,0,41,0,0,0,0,0,0,0,2489.2727272727275,79.81818181818181,528.7272727272727,12.727272727272727
2017,38,2017-09-17T00:00:00Z,2017-09-23T00:00:00Z,0,1,1,3,4,0,0,0,58,1,1,0,708,0,2,12,0,0,0,1,0,0,12,0,1,0,0,2,1,0,39,0,0,0,0,0,0,0,2664.7272727272725,84.36363636363636,509.8181818181818,10.363636363636363
2017,39,2017-09-24T00:00:00Z,2017-09-30T00:00:00Z,0,0,0,0,0,0,0,0,39,0,0,0,672,0,1,14,0,0,0,2,0,1,17,0,1,1,0,1,4,0,27,0,1,0,0,0,0,0,2686.3636363636365,80.36363636363636,482.90909090909093,9.636363636363637
2017,40,2017-10-01T00:00:00Z,2017-10-07T00:00:00Z,0,0,1,0,1,0,0,0,51,1,1,1,622,0,0,12,0,0,0,0,0,0,10,1,1,2,0,1,1,0,33,0,0,0,0,0,0,0,2881.090909090909,71.45454545454545,504.1818181818182,11.090909090909092
2017,41,2017-10-08T00:00:00Z,2017-10-14T00:00:00Z,0,0,3,2,0,0,0,0,55,0,0,1,721,0,0,13,0,0,0,2,0,1,4,1,0,3,1,2,1,0,34,0,0,0,0,0,0,0,3016,80.36363636363636,518.1818181818181,11.818181818181818
2017,42,2017-10-15T00:00:00Z,2017-10-21T00:00:00Z,1,0,1,5,1,0,0,0,62,1,1,1,635,0,1,9,0,0,0,2,0,0,5,1,0,0,1,2,3,0,38,0,0,0,0,0,0,0,3125.3333333333335,88,575.1111111111111,14
2017,43,2017-10-22T00:00:00Z,2017-10-28T00:00:00Z,1,0,2,1,2,0,0,0,77,0,1,0,549,0,1,11,0,0,0,0,0,0,13,1,2,1,0,2,1,0,37,0,0,0,0,0,0,0,2869.2727272727275,74,532.1818181818181,11.090909090909092
2017,44,2017-10-29T00:00:00Z,2017-11-04T00:00:00Z,0,0,2,1,3,0,0,0,62,0,1,1,553,0,1,8,0,0,0,0,0,0,21,0,1,0,1,2,4,0,50,0,0,0,0,0,0,0,2882,80,506.54545454545456,11.454545454545455
2017,45,2017-11-05T00:00:00Z,2017-11-11T00:00:00Z,0,0,1,1,0,0,0,0,44,0,1,0,474,0,0,11,1,0,0,0,0,0,10,0,1,3,0,3,2,1,35,0,0,0,0,0,1,0,2861.6363636363635,76.54545454545455,519.4545454545455,13.272727272727273
2017,46,2017-11-12T00:00:00Z,2017-11-18T00:00:00Z,0,0,0,1,1,0,0,0,50,0,1,1,550,0,1,6,0,0,0,0,0,1,9,0,1,2,0,2,1,0,33,0,1,0,0,0,0,0,2939.4545454545455,79.63636363636364,543.8181818181819,14
2017,47,2017-11-19T00:00:00Z,2017-11-25T00:00:00Z,0,0,1,0,2,0,0,0,24,0,1,0,482,0,0,8,0,0,0,0,0,0,15,1,0,1,1,1,5,0,27,0,0,0,0,0,0,0,2909.6363636363635,75.81818181818181,503.8181818181818,13.636363636363637
2017,48,2017-11-26T00:00:00Z,2017-12-02T00:00:00Z,0,0,3,3,1,0,0,0,37,1,2,3,463,0,0,9,0,0,0,4,0,0,11,1,3,0,1,4,2,0,38,0,0,0,0,0,0,0,2836,83.27272727272727,502.1818181818182,14.363636363636363
2017,49,2017-12-03T00:00:00Z,2017-12-09T00:00:00Z,0,0,1,2,5,0,0,0,33,1,2,1,416,0,0,11,0,0,0,0,0,1,12,0,2,0,0,1,6,0,36,0,0,0,0,0,0,0,2711.2727272727275,82,500.1818181818182,9.636363636363637
2017,50,2017-12-10T00:00:00Z,2017-12-16T00:00:00Z,0,0,1,1,0,0,0,0,40,0,0,0,460,0,1,6,0,0,0,0,0,0,11,2,0,2,0,3,2,0,44,0,0,0,0,0,0,0,2676.909090909091,82.36363636363636,482.90909090909093,13.090909090909092
2017,51,2017-12-17T00:00:00Z,2017-12-23T00:00:00Z,0,0,1,1,0,0,0,0,51,0,0,0,412,0,0,11,1,0,0,0,0,0,13,0,2,0,1,2,2,1,36,0,0,0,0,0,0,3,2729.090909090909,93.0909090909091,466.1818181818182,10
2017,52,2017-12-24T00:00:00Z,2017-12-30T00:00:00Z,0,0,1,0,0,0,0,0,66,0,0,0,325,0,6,7,0,0,0,0,0,1,5,1,1,0,0,2,3,0,42,0,0,0,0,0,0,0,2836,87.77777777777777,484.6666666666667,15.11111111111111
2018,1,2017-12-31T00:00:00Z,1900-01-01T00:00:00Z,0,1,1,1,0,0,0,0,83,0,2,0,326,0,1,6,0,0,0,1,0,0,6,0,0,1,0,2,1,0,27,0,0,0,0,0,0,0,3157.5555555555557,103.33333333333333,579.7777777777778,24
2018,2,2018-01-07T00:00:00Z,2018-01-13T00:00:00Z,0,1,1,1,1,0,0,0,68,0,1,0,478,0,1,13,0,0,0,2,0,0,8,0,0,1,1,3,3,0,33,0,0,0,0,0,0,0,3632.181818181818,93.27272727272727,603.6363636363636,16.90909090909091
2018,3,2018-01-14T00:00:00Z,2018-01-20T00:00:00Z,0,0,0,1,1,0,0,0,54,0,0,0,542,0,2,11,0,0,0,1,0,0,4,0,1,1,0,2,5,0,28,0,1,0,0,0,0,0,4233.818181818182,96.18181818181819,582.9090909090909,20.181818181818183
2018,4,2018-01-21T00:00:00Z,2018-01-27T00:00:00Z,0,1,3,0,2,0,0,0,45,0,0,0,645,0,0,12,0,0,0,1,0,2,9,0,1,0,0,2,0,0,23,0,0,0,0,1,0,0,4048.3636363636365,91.0909090909091,606.5454545454545,18.727272727272727
2018,5,2018-01-28T00:00:00Z,2018-02-03T00:00:00Z,1,0,0,1,0,0,0,0,48,0,0,0,757,0,1,17,0,0,0,1,0,0,9,0,0,1,0,0,2,0,26,0,0,0,0,0,1,0,3959.818181818182,108.54545454545455,582.7272727272727,16.90909090909091
2018,6,2018-02-04T00:00:00Z,2018-02-10T00:00:00Z,0,1,1,1,1,0,0,0,50,0,0,0,699,0,0,11,0,0,0,0,0,0,4,1,0,1,0,4,2,0,22,0,0,0,0,0,0,0,3983.2727272727275,114.36363636363636,559.8181818181819,18.181818181818183
2018,7,2018-02-11T00:00:00Z,2018-02-17T00:00:00Z,0,0,0,2,2,0,0,0,28,0,0,0,546,0,2,2,0,0,0,0,0,0,4,0,1,0,0,2,3,0,13,0,0,0,0,0,0,0,3911.1428571428573,108.85714285714286,542.5714285714286,16
2018,8,2018-02-18T00:00:00Z,2018-02-24T00:00:00Z,0,0,2,2,2,0,0,0,38,1,1,0,668,0,0,8,0,0,0,0,0,0,8,2,0,1,0,1,4,0,14,0,0,0,0,0,0,0,3513.090909090909,116.9090909090909,584.7272727272727,18
2018,9,2018-02-25T00:00:00Z,2018-03-03T00:00:00Z,0,1,1,0,3,0,0,0,51,0,0,1,780,0,1,10,0,0,0,2,0,0,4,0,0,0,1,4,3,0,32,0,0,0,0,0,0,1,3174,101.27272727272727,571.8181818181819,22.545454545454547
2018,10,2018-03-04T00:00:00Z,2018-03-10T00:00:00Z,0,0,0,1,0,0,0,0,37,0,0,0,1105,0,2,5,0,0,0,2,0,0,4,0,0,0,0,0,4,0,32,0,0,0,0,0,0,0,3011.6363636363635,103.63636363636364,550,20.90909090909091
2018,11,2018-03-11T00:00:00Z,2018-03-17T00:00:00Z,0,0,0,2,1,0,0,0,37,2,2,0,946,0,1,11,0,0,0,1,0,0,4,1,1,0,1,0,3,0,32,0,0,0,0,0,0,1,2693.818181818182,94.9090909090909,498.3636363636364,17.272727272727273
2018,12,2018-03-18T00:00:00Z,2018-03-24T00:00:00Z,0,0,0,2,1,0,0,0,36,0,1,0,983,0,0,11,0,0,0,0,0,0,12,0,1,2,0,6,2,0,30,0,0,0,0,0,0,0,2806.3636363636365,112,552.1818181818181,15.272727272727273
2018,13,2018-03-25T00:00:00Z,2018-03-31T00:00:00Z,0,0,0,1,1,0,0,0,24,0,0,0,843,0,1,10,0,0,0,2,0,0,11,1,1,0,0,1,2,0,22,0,0,0,0,0,0,0,2796.8888888888887,109.11111111111111,532.2222222222222,20.88888888888889
2018,14,2018-04-01T00:00:00Z,2018-04-07T00:00:00Z,0,0,3,1,3,0,0,0,38,0,0,0,1010,0,2,12,0,0,0,0,0,1,10,1,1,0,0,5,0,0,32,0,0,0,0,0,0,1,2968.3636363636365,104,564.7272727272727,19.09090909090909
2018,15,2018-04-08T00:00:00Z,2018-04-14T00:00:00Z,0,0,0,2,2,0,0,0,38,0,1,0,985,0,2,10,0,0,0,1,0,0,13,0,2,1,0,5,1,0,31,0,0,0,0,0,0,0,2958.909090909091,100.54545454545455,600.5454545454545,16.363636363636363
2018,16,2018-04-15T00:00:00Z,2018-04-21T00:00:00Z,0,1,1,1,2,0,0,0,56,0,1,0,996,0,1,11,0,0,0,1,0,0,4,2,0,0,1,4,1,0,33,0,0,0,0,0,0,0,2984.3636363636365,91.0909090909091,575.0909090909091,19.272727272727273
2018,17,2018-04-22T00:00:00Z,2018-04-28T00:00:00Z,0,0,0,0,3,0,0,0,55,1,1,0,1066,0,3,8,0,0,0,2,0,0,5,0,1,0,0,3,2,1,27,0,0,0,0,0,0,0,3044,89.0909090909091,568,14.727272727272727
2018,18,2018-04-29T00:00:00Z,2018-05-05T00:00:00Z,0,0,0,1,0,0,0,0,74,3,1,0,971,0,0,16,1,0,0,1,0,0,6,0,0,3,0,2,4,0,41,0,0,0,0,0,0,1,3249.3333333333335,99.33333333333333,574.2222222222222,22.22222222222222
2018,19,2018-05-06T00:00:00Z,2018-05-12T00:00:00Z,0,0,1,2,1,0,0,0,62,0,1,0,1159,0,0,10,0,0,0,1,0,2,9,0,3,1,0,5,2,0,36,0,0,0,0,0,0,0,3130.7272727272725,90.18181818181819,575.0909090909091,12.909090909090908
2018,20,2018-05-13T00:00:00Z,2018-05-19T00:00:00Z,0,0,0,3,1,0,0,0,63,1,1,1,1022,0,1,16,0,0,0,0,0,0,6,0,2,0,0,1,2,1,40,0,0,0,0,0,0,0,3074.7272727272725,90.36363636363636,597.8181818181819,13.272727272727273
2018,21,2018-05-20T00:00:00Z,2018-05-26T00:00:00Z,0,1,0,0,3,0,0,0,64,1,0,0,1086,0,3,15,0,0,0,1,0,3,7,0,1,0,0,3,4,0,40,0,0,0,0,0,0,1,3089.2727272727275,95.0909090909091,608.9090909090909,14.181818181818182
2018,22,2018-05-27T00:00:00Z,2018-06-02T00:00:00Z,0,0,0,3,0,0,0,0,52,2,0,1,849,0,0,10,0,0,0,0,0,0,9,0,1,0,0,1,4,0,47,0,0,0,0,0,0,0,3022.8888888888887,89.33333333333333,562.8888888888889,12.222222222222221
2018,23,2018-06-03T00:00:00Z,2018-06-09T00:00:00Z,0,0,0,3,0,0,0,0,75,0,1,1,873,0,1,9,0,0,0,2,0,1,3,0,1,1,0,3,1,1,47,0,0,0,0,0,0,0,2700.909090909091,88.72727272727273,524.1818181818181,10.909090909090908
2018,24,2018-06-10T00:00:00Z,2018-06-16T00:00:00Z,0,0,1,3,1,0,0,0,55,0,0,0,735,0,0,8,0,0,0,0,0,0,10,0,2,0,0,4,5,0,31,0,0,0,0,0,0,0,2402.8888888888887,74,466,15.333333333333334
2018,25,2018-06-17T00:00:00Z,2018-06-23T00:00:00Z,0,0,0,1,1,0,0,0,59,2,1,0,716,0,0,9,0,0,0,3,0,0,8,0,4,0,0,1,3,0,39,0,0,0,0,0,0,2,2596.909090909091,80.54545454545455,533.8181818181819,10.727272727272727
2018,26,2018-06-24T00:00:00Z,2018-06-30T00:00:00Z,0,0,1,0,1,0,0,0,75,1,1,0,889,0,0,7,0,0,0,0,0,0,8,0,1,1,0,1,1,0,30,0,0,0,0,0,0,0,2986.909090909091,86.9090909090909,603.0909090909091,16.363636363636363
2018,27,2018-07-01T00:00:00Z,2018-07-07T00:00:00Z,0,1,1,7,2,0,0,0,56,2,1,0,1071,0,0,12,0,0,0,1,0,0,8,0,0,0,1,2,4,0,42,0,0,0,0,0,0,0,3172.5454545454545,94,592,15.454545454545455
2018,28,2018-07-08T00:00:00Z,2018-07-14T00:00:00Z,0,0,1,1,2,0,0,0,44,0,2,1,1140,0,0,9,1,0,0,3,0,0,9,1,1,1,0,1,4,0,22,0,0,0,0,0,0,0,3384,93.81818181818181,648.7272727272727,18.90909090909091
2018,29,2018-07-15T00:00:00Z,2018-07-21T00:00:00Z,0,1,2,1,0,0,0,0,41,0,0,0,1136,0,1,12,0,0,0,0,0,0,7,1,0,0,0,4,4,0,22,0,0,0,0,0,0,0,3202,85.27272727272727,634,16.181818181818183
2018,30,2018-07-22T00:00:00Z,2018-07-28T00:00:00Z,0,0,1,1,0,0,0,0,56,0,0,1,1177,0,0,8,0,0,0,0,0,2,7,0,0,0,1,3,4,0,37,0,0,0,0,0,0,0,3032.5454545454545,88.9090909090909,623.8181818181819,15.454545454545455
2018,31,2018-07-29T00:00:00Z,2018-08-04T00:00:00Z,0,0,0,0,1,0,0,0,50,1,0,0,1249,0,1,12,2,0,0,1,0,1,13,0,0,1,0,1,0,0,32,0,0,0,0,0,0,0,3005.6363636363635,81.0909090909091,647.4545454545455,16.363636363636363
2018,32,2018-08-05T00:00:00Z,2018-08-11T00:00:00Z,0,1,2,1,0,0,0,0,59,0,0,0,1050,0,0,7,0,0,0,0,0,0,11,0,2,0,0,1,0,0,30,0,0,0,0,0,0,0,2890.222222222222,88.44444444444444,610.6666666666666,16.444444444444443
2018,33,2018-08-12T00:00:00Z,2018-08-18T00:00:00Z,0,1,2,1,1,0,0,0,42,1,1,0,1038,0,0,7,2,0,0,2,0,0,12,0,0,0,0,1,2,0,23,0,0,0,0,0,0,0,2872.909090909091,84.9090909090909,607.4545454545455,17.272727272727273
2018,34,2018-08-19T00:00:00Z,2018-08-25T00:00:00Z,1,1,2,4,0,0,0,0,66,2,1,0,796,0,0,7,1,0,0,1,0,0,7,0,0,1,0,3,3,0,31,0,0,0,0,0,0,2,2816,94.66666666666667,648.6666666666666,14.222222222222221
2018,35,2018-08-26T00:00:00Z,2018-09-01T00:00:00Z,0,0,1,1,0,0,0,0,75,0,0,0,684,0,2,9,1,0,0,0,0,1,9,0,0,1,0,0,4,0,23,0,0,0,0,0,0,0,2518.5454545454545,75.63636363636364,565.8181818181819,10.363636363636363
2018,36,2018-09-02T00:00:00Z,2018-09-08T00:00:00Z,0,0,2,1,3,0,0,0,75,1,0,0,474,0,0,4,0,0,0,0,0,1,4,0,1,1,0,1,3,0,38,0,0,0,0,0,0,0,2421.818181818182,67.63636363636364,498.90909090909093,12.545454545454545
2018,37,2018-09-09T00:00:00Z,2018-09-15T00:00:00Z,0,0,0,2,2,0,0,0,49,0,0,0,594,0,0,10,1,0,0,0,0,0,13,0,1,0,0,0,3,0,30,0,0,0,0,0,0,0,2893.2727272727275,82.18181818181819,593.0909090909091,15.636363636363637
2018,38,2018-09-16T00:00:00Z,2018-09-22T00:00:00Z,0,0,0,0,1,0,0,0,63,0,1,0,568,0,0,8,0,0,0,1,0,0,12,0,2,1,0,1,3,0,34,0,0,0,0,0,0,0,2844.7272727272725,87.45454545454545,606.1818181818181,13.090909090909092
2018,39,2018-09-23T00:00:00Z,2018-09-29T00:00:00Z,0,1,1,1,0,0,0,0,40,0,2,0,622,0,0,7,1,0,0,1,0,2,11,2,0,0,0,2,2,0,28,0,0,0,0,0,0,0,2767.2727272727275,78.9090909090909,570.7272727272727,15.454545454545455
2018,40,2018-09-30T00:00:00Z,2018-10-06T00:00:00Z,0,0,0,2,0,0,0,0,51,0,1,0,586,0,0,9,0,0,0,2,0,0,8,0,0,3,0,2,2,1,30,0,0,0,0,0,0,1,2659.090909090909,82.72727272727273,577.6363636363636,14.727272727272727
2018,41,2018-10-07T00:00:00Z,2018-10-13T00:00:00Z,0,0,2,0,1,0,0,0,51,0,1,0,547,0,0,8,0,0,0,1,0,0,8,0,1,1,1,4,3,0,36,0,0,0,0,0,0,0,2656.3636363636365,76.18181818181819,577.0909090909091,14.545454545454545
2018,42,2018-10-14T00:00:00Z,2018-10-20T00:00:00Z,0,0,2,0,0,0,0,0,60,2,1,0,543,0,1,10,0,0,0,4,0,0,8,0,1,1,0,1,3,0,36,0,0,0,0,0,0,1,2904,81.45454545454545,619.8181818181819,12.181818181818182
2018,43,2018-10-21T00:00:00Z,2018-10-27T00:00:00Z,0,0,0,1,3,0,0,0,78,0,0,2,561,0,0,5,0,0,0,1,0,0,10,1,1,2,0,2,3,0,40,0,0,0,0,0,0,1,2947.4545454545455,78.54545454545455,615.6363636363636,14
2018,44,2018-10-28T00:00:00Z,2018-11-03T00:00:00Z,0,0,3,0,0,0,0,0,75,0,2,2,565,0,0,6,0,0,0,0,0,0,6,1,1,2,0,0,1,0,44,0,0,0,0,0,0,0,3016.181818181818,82,583.8181818181819,14.545454545454545
2018,45,2018-11-04T00:00:00Z,2018-11-10T00:00:00Z,0,0,0,1,1,0,0,0,71,0,0,0,528,0,1,11,0,0,0,1,0,2,11,0,2,2,1,0,3,0,34,0,0,0,0,0,0,0,3320.6666666666665,97.33333333333333,614.6666666666666,18.666666666666668
2018,46,2018-11-11T00:00:00Z,2018-11-17T00:00:00Z,0,0,1,0,1,0,0,0,78,0,1,0,587,0,0,2,0,0,0,2,0,2,12,0,0,1,0,1,4,0,37,0,0,0,0,0,0,1,3271.818181818182,84,592.5454545454545,12.181818181818182
2018,47,2018-11-18T00:00:00Z,2018-11-24T00:00:00Z,0,1,1,0,0,0,0,0,97,0,0,0,607,0,2,10,0,0,0,0,0,0,9,0,1,0,0,2,1,0,31,0,0,0,0,0,0,1,3385.818181818182,93.0909090909091,567.6363636363636,14.363636363636363
2018,48,2018-11-25T00:00:00Z,2018-12-01T00:00:00Z,0,0,2,0,1,0,0,0,109,0,0,4,533,0,1,7,0,0,0,1,0,1,11,0,1,1,0,3,1,0,21,0,0,0,0,0,0,0,3294.7272727272725,90.54545454545455,543.2727272727273,11.818181818181818
2018,49,2018-12-02T00:00:00Z,2018-12-08T00:00:00Z,0,0,0,2,0,0,0,0,114,1,1,1,500,0,0,3,0,0,0,1,0,0,7,0,0,2,0,2,3,0,31,0,0,0,0,0,0,0,3138.3636363636365,100.72727272727273,543.2727272727273,10
2018,50,2018-12-09T00:00:00Z,2018-12-15T00:00:00Z,0,1,0,6,0,0,0,0,107,1,0,0,461,0,0,10,0,0,0,1,0,0,9,1,0,1,1,3,2,1,27,0,0,0,0,0,0,0,3035.818181818182,81.45454545454545,509.27272727272725,6.545454545454546
2018,51,2018-12-16T00:00:00Z,2018-12-22T00:00:00Z,0,0,1,6,0,0,0,0,127,1,2,0,486,0,0,4,0,0,0,1,0,0,15,0,1,0,0,1,1,0,33,0,0,0,0,0,0,0,2914.7272727272725,85.45454545454545,502.3636363636364,9.636363636363637
2018,52,2018-12-23T00:00:00Z,2018-12-29T00:00:00Z,0,1,0,1,1,0,0,0,160,0,2,0,439,0,0,9,0,0,0,1,0,1,5,0,2,0,0,2,3,0,24,0,0,0,0,0,0,1,3420,106.75,590.25,15.5
2019,1,2018-12-30T00:00:00Z,2019-01-05T00:00:00Z,0,0,2,5,1,0,0,0,205,2,1,1,52,0,0,5,0,0,0,1,0,0,5,0,0,0,0,1,0,0,43,0,0,0,0,0,0,0,3477.5,122.5,631,15.75
2019,2,2019-01-06T00:00:00Z,2019-01-12T00:00:00Z,0,2,6,2,0,0,0,0,245,0,0,0,79,0,1,13,0,0,0,1,0,0,5,1,0,1,0,2,2,0,28,0,0,0,0,0,0,1,3290.909090909091,99.81818181818181,619.8181818181819,14.545454545454545
2019,3,2019-01-13T00:00:00Z,2019-01-19T00:00:00Z,0,0,2,1,0,0,0,0,207,8,3,2,69,0,5,7,0,0,0,0,0,0,10,0,0,2,0,0,3,0,55,0,2,0,0,0,0,0,3390.5454545454545,99.45454545454545,632.9090909090909,12.909090909090908
2019,4,2019-01-20T00:00:00Z,2019-01-26T00:00:00Z,0,2,2,1,0,0,0,0,221,1,0,1,67,0,2,9,0,0,0,2,0,0,7,1,0,1,1,1,2,0,38,0,0,0,0,0,0,1,3407.818181818182,95.63636363636364,600.5454545454545,14.909090909090908
2019,5,2019-01-27T00:00:00Z,2019-02-02T00:00:00Z,0,0,1,1,0,0,0,0,179,3,1,0,59,0,3,9,0,0,0,0,0,0,6,0,0,1,0,3,6,0,34,0,0,0,0,0,0,0,3428.181818181818,95.0909090909091,589.8181818181819,10.727272727272727
2019,6,2019-02-03T00:00:00Z,2019-02-09T00:00:00Z,0,0,1,3,0,0,0,0,135,3,0,0,48,0,3,6,0,0,0,1,0,1,6,0,0,0,0,1,4,1,30,0,1,0,0,0,0,0,3658.3333333333335,107,754.6666666666666,18.333333333333332
2019,7,2019-02-10T00:00:00Z,2019-02-16T00:00:00Z,0,0,1,0,0,0,0,0,232,3,2,0,68,0,4,6,0,0,0,1,0,0,20,0,0,2,1,5,1,0,40,0,0,0,0,0,0,0,3237.2727272727275,97.0909090909091,659.0909090909091,12.363636363636363
2019,8,2019-02-17T00:00:00Z,2019-02-23T00:00:00Z,0,0,0,2,2,0,0,0,181,1,0,1,89,0,7,10,0,0,0,1,0,0,9,0,1,1,0,0,4,0,25,0,0,0,0,0,0,0,3063.2727272727275,94.18181818181819,622.3636363636364,14.181818181818182
2019,9,2019-02-24T00:00:00Z,2019-03-02T00:00:00Z,0,0,2,1,2,0,0,0,156,1,0,2,69,0,7,6,0,0,0,0,0,0,10,2,0,0,0,4,2,0,50,0,0,0,0,0,0,0,2920.3636363636365,89.63636363636364,589.2727272727273,12.909090909090908
2019,10,2019-03-03T00:00:00Z,2019-03-09T00:00:00Z,1,0,0,0,1,0,0,0,133,1,0,0,73,0,3,6,0,0,0,1,0,0,8,2,0,0,0,2,3,0,41,0,1,0,0,0,0,0,2949.4545454545455,107.27272727272727,593.2727272727273,14
2019,11,2019-03-10T00:00:00Z,2019-03-16T00:00:00Z,0,0,1,1,1,0,0,0,109,0,0,0,105,0,2,5,0,0,0,2,0,1,11,0,0,0,0,3,3,0,39,0,0,0,0,0,0,0,2881.4545454545455,86.9090909090909,581.6363636363636,13.454545454545455
2019,12,2019-03-17T00:00:00Z,2019-03-23T00:00:00Z,0,0,1,0,0,0,0,0,96,1,1,0,68,0,4,9,0,0,0,2,0,0,9,1,0,1,0,2,2,0,42,0,0,0,0,0,0,0,2591.4545454545455,86.72727272727273,506.90909090909093,10.727272727272727
2019,13,2019-03-24T00:00:00Z,2019-03-30T00:00:00Z,0,0,2,1,1,0,0,0,99,1,1,1,85,0,1,12,0,0,0,1,0,0,6,0,1,2,0,2,4,0,66,0,0,0,0,0,0,0,2686.909090909091,84.18181818181819,584.1818181818181,13.272727272727273
2019,14,2019-03-31T00:00:00Z,2019-04-06T00:00:00Z,0,0,0,2,4,0,0,0,108,0,0,0,91,0,1,9,0,0,0,1,0,1,7,1,0,0,0,1,1,0,72,0,0,0,0,0,0,0,2833.818181818182,85.0909090909091,608.5454545454545,11.090909090909092
2019,15,2019-04-07T00:00:00Z,2019-04-13T00:00:00Z,0,0,1,2,0,0,0,0,125,0,2,0,115,0,0,17,0,0,0,0,0,1,7,1,0,2,0,0,0,0,36,0,0,0,0,0,0,0,2869.818181818182,84,585.8181818181819,14.363636363636363
2019,16,2019-04-14T00:00:00Z,2019-04-20T00:00:00Z,0,0,0,0,0,0,0,0,134,1,1,0,107,0,0,7,0,0,0,2,0,1,2,0,0,0,0,1,2,0,42,0,0,0,0,0,0,0,2995.3333333333335,91.33333333333333,614,14.88888888888889
2019,17,2019-04-21T00:00:00Z,2019-04-27T00:00:00Z,0,0,0,1,0,0,0,0,156,1,0,1,98,0,1,5,0,0,0,0,0,0,13,0,3,1,0,3,2,0,37,0,0,0,0,0,0,0,2963.090909090909,83.63636363636364,644.9090909090909,11.636363636363637
2019,18,2019-04-28T00:00:00Z,2019-05-04T00:00:00Z,0,2,1,3,0,0,0,0,192,2,0,0,84,0,3,6,0,0,0,0,0,0,5,0,1,1,0,0,1,0,36,0,0,0,0,0,0,0,3223.777777777778,90.44444444444444,684.4444444444445,15.11111111111111
2019,19,2019-05-05T00:00:00Z,2019-05-11T00:00:00Z,0,0,1,1,2,0,0,0,287,0,0,0,99,0,1,13,0,0,0,0,0,0,15,2,3,3,0,3,4,1,41,0,1,0,0,0,0,0,3184.181818181818,82.72727272727273,643.2727272727273,10.909090909090908
2019,20,2019-05-12T00:00:00Z,2019-05-18T00:00:00Z,0,0,2,0,0,0,0,0,307,2,1,0,130,0,2,11,0,0,0,2,0,0,11,0,0,1,0,1,5,0,40,0,0,0,0,0,0,0,3060.181818181818,91.45454545454545,674,15.272727272727273
2019,21,2019-05-19T00:00:00Z,2019-05-25T00:00:00Z,0,0,1,1,0,0,0,0,376,2,0,0,91,0,4,10,0,0,0,0,0,1,12,1,0,2,0,0,3,0,55,0,0,0,0,0,0,0,3210.222222222222,84.88888888888889,675.3333333333334,12.88888888888889
2019,22,2019-05-26T00:00:00Z,2019-06-01T00:00:00Z,0,0,1,1,0,0,0,0,400,1,0,0,131,0,1,8,0,0,0,1,0,1,9,0,0,0,0,1,2,0,40,0,0,0,0,0,0,0,3017.4545454545455,78.54545454545455,637.0909090909091,12.909090909090908
2019,23,2019-06-02T00:00:00Z,2019-06-08T00:00:00Z,0,0,2,0,1,0,0,0,396,4,1,6,89,0,2,8,0,0,0,0,0,0,14,0,0,1,0,0,3,0,41,0,0,0,0,0,0,0,2824.4444444444443,88.22222222222223,640.4444444444445,12.444444444444445
2019,24,2019-06-09T00:00:00Z,2019-06-15T00:00:00Z,0,1,1,0,0,0,0,0,464,3,1,3,115,0,5,8,0,0,0,1,0,1,17,0,0,0,0,2,4,0,43,0,0,0,0,0,0,0,2797.2727272727275,85.45454545454545,513.2727272727273,9.090909090909092
2019,25,2019-06-16T00:00:00Z,2019-06-22T00:00:00Z,0,0,0,0,1,0,0,0,430,3,0,1,145,0,7,5,0,0,0,0,0,3,16,0,0,0,0,1,1,0,37,0,0,0,0,0,0,0,2824.3636363636365,87.0909090909091,554.1818181818181,12.363636363636363
2019,26,2019-06-23T00:00:00Z,2019-06-29T00:00:00Z,0,0,1,1,1,0,0,0,492,5,1,1,143,0,7,6,0,0,0,0,0,2,6,0,0,2,0,2,3,0,33,0,0,0,0,0,0,0,2956.909090909091,84.54545454545455,592.7272727272727,12.727272727272727
2019,27,2019-06-30T00:00:00Z,2019-07-06T00:00:00Z,0,0,0,3,0,0,0,0,591,2,1,1,126,0,8,6,0,0,0,1,0,0,12,1,0,2,0,1,4,1,43,0,0,0,0,0,0,2,3182.3636363636365,87.0909090909091,679.0909090909091,13.454545454545455
2019,28,2019-07-07T00:00:00Z,2019-07-13T00:00:00Z,0,0,0,0,0,0,0,0,661,2,1,3,135,0,10,5,0,0,0,1,0,1,8,0,0,2,1,1,4,0,31,0,2,0,0,0,0,0,3312,84.9090909090909,726,11.818181818181818
2019,29,2019-07-14T00:00:00Z,2019-07-20T00:00:00Z,1,1,0,0,1,0,0,0,644,2,0,1,129,0,17,10,0,0,0,2,0,0,12,0,1,2,0,1,7,0,47,0,0,0,0,0,0,0,3290.3636363636365,83.81818181818181,696.7272727272727,14
2019,30,2019-07-21T00:00:00Z,2019-07-27T00:00:00Z,0,0,2,4,2,0,0,0,601,4,0,3,115,0,9,8,0,0,0,0,0,0,7,0,0,1,0,1,2,0,29,0,0,0,0,0,0,0,3256.3636363636365,88.9090909090909,750.5454545454545,14
2019,31,2019-07-28T00:00:00Z,2019-08-03T00:00:00Z,0,0,5,0,1,0,0,0,597,2,0,3,114,0,10,7,0,0,0,1,0,0,7,0,0,1,0,2,4,0,37,0,0,0,0,0,0,0,3101.818181818182,75.45454545454545,744.3636363636364,10.363636363636363
2019,32,2019-08-04T00:00:00Z,2019-08-10T00:00:00Z,0,0,11,2,0,0,0,0,521,2,0,0,97,0,1,6,0,0,0,0,0,0,5,0,1,2,0,2,3,0,32,0,0,0,0,0,0,0,2837.1111111111113,71.11111111111111,696.4444444444445,11.555555555555555
2019,33,2019-08-11T00:00:00Z,2019-08-17T00:00:00Z,0,0,2,2,0,0,0,0,522,2,0,1,97,0,3,8,0,0,0,0,0,0,19,0,0,0,0,0,2,0,35,0,0,0,0,0,0,0,2794.222222222222,81.11111111111111,727.3333333333334,12.88888888888889
2019,34,2019-08-18T00:00:00Z,2019-08-24T00:00:00Z,0,0,3,1,2,0,0,0,474,0,0,6,90,0,2,7,0,0,0,1,0,0,9,0,2,0,2,2,4,0,38,0,0,0,0,0,0,0,2621.4545454545455,85.0909090909091,728.7272727272727,12.545454545454545
2019,35,2019-08-25T00:00:00Z,2019-08-31T00:00:00Z,0,1,3,3,0,0,0,0,412,2,0,1,103,0,5,11,0,0,0,2,0,0,7,0,0,0,0,3,2,0,31,0,0,0,0,0,0,0,2509.6363636363635,76.9090909090909,671.6363636363636,12.181818181818182
2019,36,2019-09-01T00:00:00Z,2019-09-07T00:00:00Z,0,0,0,0,1,0,0,0,326,1,0,1,97,0,2,8,0,0,0,1,0,0,6,0,0,0,0,0,4,0,36,0,0,0,0,0,0,0,2392.7272727272725,72.72727272727273,609.6363636363636,11.272727272727273
2019,37,2019-09-08T00:00:00Z,2019-09-14T00:00:00Z,0,0,1,1,2,0,0,0,314,3,1,2,117,0,2,8,0,0,0,0,0,2,8,1,1,0,0,1,2,0,29,0,3,0,0,0,0,0,2285.818181818182,78.9090909090909,538.5454545454545,11.090909090909092
2019,38,2019-09-15T00:00:00Z,2019-09-21T00:00:00Z,0,0,0,2,1,0,0,0,299,2,2,2,100,0,0,7,0,0,0,0,0,0,9,0,0,0,1,0,1,0,38,0,1,0,0,0,0,0,2719.818181818182,89.45454545454545,570.5454545454545,14.545454545454545
2019,39,2019-09-22T00:00:00Z,2019-09-28T00:00:00Z,0,0,1,2,0,0,0,0,258,3,0,1,104,0,2,8,0,0,0,1,0,1,6,0,1,0,0,1,1,0,43,0,0,0,0,0,0,0,2564,88,577.6363636363636,11.090909090909092
2019,40,2019-09-29T00:00:00Z,2019-10-05T00:00:00Z,0,0,2,0,2,0,0,0,243,3,0,2,88,0,0,7,0,0,0,1,0,0,6,0,0,1,0,2,2,0,45,0,0,0,0,0,0,0,2618.5454545454545,71.45454545454545,572.3636363636364,12.545454545454545
2019,41,2019-10-06T00:00:00Z,2019-10-12T00:00:00Z,0,0,0,1,0,0,0,0,227,1,2,4,105,0,2,6,0,0,0,0,0,0,8,1,1,0,0,0,2,0,37,0,0,0,0,0,0,0,2848,82.36363636363636,566.1818181818181,6.363636363636363
2019,42,2019-10-13T00:00:00Z,2019-10-19T00:00:00Z,0,0,0,1,0,0,0,0,239,0,0,0,92,0,0,8,0,0,0,0,0,0,14,0,0,0,0,0,1,0,43,0,0,0,0,0,0,1,2987.090909090909,83.27272727272727,565.4545454545455,12.545454545454545
2019,43,2019-10-20T00:00:00Z,2019-10-26T00:00:00Z,0,0,1,2,1,0,0,0,241,1,0,1,124,0,0,11,0,0,0,1,0,0,4,1,1,0,0,1,1,0,36,0,1,0,0,0,0,0,2952.3636363636365,77.63636363636364,584.9090909090909,8.545454545454545
2019,44,2019-10-27T00:00:00Z,2019-11-02T00:00:00Z,0,0,0,1,0,0,0,0,306,2,2,1,93,0,1,12,0,0,0,0,0,0,6,0,0,2,0,0,4,0,35,0,0,0,0,0,0,0,3208.222222222222,83.33333333333333,626.8888888888889,12.666666666666666
2019,45,2019-11-03T00:00:00Z,2019-11-09T00:00:00Z,0,0,1,3,2,0,0,0,321,1,0,0,82,0,0,10,0,0,0,0,0,3,20,0,4,2,0,0,2,0,52,0,0,0,0,0,0,0,3155.6363636363635,82.54545454545455,586,8.727272727272727
2019,46,2019-11-10T00:00:00Z,2019-11-16T00:00:00Z,0,0,1,2,1,0,0,0,372,1,0,0,95,0,0,8,0,0,0,0,0,0,9,0,1,0,0,0,1,1,33,0,0,0,0,0,0,0,3114.909090909091,80,581.0909090909091,12.727272727272727
2019,47,2019-11-17T00:00:00Z,2019-11-23T00:00:00Z,0,1,2,1,2,0,0,0,328,2,2,1,98,0,1,5,0,0,0,1,0,0,11,1,0,2,0,0,4,0,37,0,0,0,0,0,0,0,3100.909090909091,77.0909090909091,559.4545454545455,10.363636363636363
2019,48,2019-11-24T00:00:00Z,2019-11-30T00:00:00Z,0,1,1,1,0,0,0,0,295,0,1,0,111,0,0,10,0,0,0,1,0,2,10,1,1,0,1,0,2,0,35,0,0,0,0,0,0,0,2966,79.63636363636364,542.3636363636364,9.454545454545455
2019,49,2019-12-01T00:00:00Z,2019-12-07T00:00:00Z,0,1,0,2,1,0,0,0,280,1,0,4,97,0,1,11,1,0,0,1,0,0,8,0,0,0,0,0,3,0,35,0,0,0,0,0,0,0,2965.6363636363635,82.9090909090909,525.8181818181819,7.454545454545454
2019,50,2019-12-08T00:00:00Z,2019-12-14T00:00:00Z,0,0,5,0,1,0,0,0,257,0,2,0,97,0,0,3,0,NA,0,0,0,0,3,0,1,0,1,2,0,0,34,0,0,0,0,0,0,0,3061.818181818182,87.81818181818181,489.6363636363636,9.636363636363637
2019,51,2019-12-15T00:00:00Z,2019-12-21T00:00:00Z,0,0,0,2,2,0,0,0,226,0,1,1,63,0,0,10,0,0,0,1,0,1,5,0,2,3,0,1,3,0,36,0,0,0,0,0,0,0,3049.818181818182,82.9090909090909,510.72727272727275,8.727272727272727
2019,52,2019-12-22T00:00:00Z,2019-12-28T00:00:00Z,0,0,0,0,0,0,0,0,290,0,2,2,75,0,0,6,1,0,0,0,0,0,19,1,0,1,0,0,2,0,33,0,0,0,0,0,0,1,3701,99,598,17.75
2020,1,2019-12-29T00:00:00Z,2020-01-04T00:00:00Z,0,0,1,2,1,0,0,0,302,1,1,3,85,0,0,7,0,0,0,1,0,0,15,2,0,0,2,1,3,0,19,0,0,0,0,0,0,0,3841.5,125.25,639.75,21
2020,2,2020-01-05T00:00:00Z,2020-01-11T00:00:00Z,0,1,2,1,0,0,0,0,342,1,1,1,82,0,1,11,0,0,0,2,0,0,9,1,0,0,0,0,3,0,25,0,0,0,0,0,0,0,3585.090909090909,108,604.1818181818181,16.181818181818183
2020,3,2020-01-12T00:00:00Z,2020-01-18T00:00:00Z,0,0,2,1,1,0,0,0,402,2,1,1,112,0,2,9,1,0,0,2,0,0,8,0,0,2,0,1,2,0,26,0,0,0,0,0,0,0,3707.818181818182,105.81818181818181,589.4545454545455,15.090909090909092
2020,4,2020-01-19T00:00:00Z,2020-01-25T00:00:00Z,0,1,3,1,0,0,0,0,307,2,0,0,61,0,1,6,0,0,0,1,0,1,10,0,1,1,1,0,2,0,32,0,0,0,0,0,0,1,3810.6666666666665,96.66666666666667,625.5555555555555,12.666666666666666
2020,5,2020-01-26T00:00:00Z,2020-02-01T00:00:00Z,0,0,1,0,1,0,0,0,370,0,0,1,114,0,0,5,0,0,0,1,0,1,6,0,0,0,0,0,6,1,33,0,0,0,0,0,0,0,4728.444444444444,82.88888888888889,540.6666666666666,15.555555555555555
2020,6,2020-02-02T00:00:00Z,2020-02-08T00:00:00Z,0,0,1,0,3,0,0,0,400,0,0,1,79,0,1,10,0,0,0,2,0,1,9,0,2,2,0,2,3,0,42,0,0,0,0,0,0,1,3791.4545454545455,83.63636363636364,538.5454545454545,10.909090909090908
2020,7,2020-02-09T00:00:00Z,2020-02-15T00:00:00Z,0,0,0,0,1,0,0,0,378,2,1,2,58,0,2,7,0,0,0,1,0,0,7,0,2,1,0,0,3,0,26,0,0,0,0,0,0,0,3149.818181818182,63.45454545454545,431.09090909090907,10.909090909090908
2020,8,2020-02-16T00:00:00Z,2020-02-22T00:00:00Z,0,1,1,0,1,0,0,0,380,1,0,0,58,0,0,9,0,0,0,0,0,0,9,0,1,1,0,0,1,0,22,0,0,0,0,0,0,0,2825.818181818182,82.54545454545455,406.54545454545456,9.090909090909092
2020,9,2020-02-23T00:00:00Z,2020-02-29T00:00:00Z,0,2,1,1,0,0,0,0,373,1,0,0,59,0,0,7,0,0,0,2,0,1,3,1,0,0,0,0,2,0,38,0,0,0,0,0,0,0,2473.090909090909,63.45454545454545,404.1818181818182,10.727272727272727
2020,10,2020-03-01T00:00:00Z,2020-03-07T00:00:00Z,0,1,1,1,3,0,0,0,375,0,0,0,46,0,1,5,0,0,0,0,0,0,8,1,1,0,0,1,1,0,53,0,1,0,0,0,0,0,2317.090909090909,65.0909090909091,398.72727272727275,10.545454545454545
2020,11,2020-03-08T00:00:00Z,2020-03-14T00:00:00Z,0,1,3,1,1,0,0,0,389,0,1,0,42,0,0,4,0,0,0,0,0,0,7,0,0,1,0,3,0,0,41,0,0,0,0,0,0,1,2288.181818181818,56.36363636363637,368.90909090909093,7.818181818181818
2020,12,2020-03-15T00:00:00Z,2020-03-21T00:00:00Z,0,0,2,2,1,0,0,0,367,1,1,1,35,0,1,3,0,0,0,2,0,0,9,0,1,1,1,0,1,0,44,0,0,0,0,0,0,0,2378,46.18181818181818,367.45454545454544,5.454545454545454
2020,13,2020-03-22T00:00:00Z,2020-03-28T00:00:00Z,0,0,0,0,0,0,0,0,377,0,0,0,22,0,1,7,0,0,0,0,0,1,4,0,2,1,0,0,1,0,32,0,0,0,0,0,0,0,2592.181818181818,50,344.1818181818182,6.181818181818182
2020,14,2020-03-29T00:00:00Z,2020-04-04T00:00:00Z,0,2,3,1,1,0,0,0,315,0,0,0,22,0,0,5,0,0,0,3,0,0,11,0,2,0,0,1,2,0,20,0,0,0,0,0,0,0,2064.5454545454545,45.45454545454545,258.72727272727275,6.181818181818182
2020,15,2020-04-05T00:00:00Z,2020-04-11T00:00:00Z,0,0,0,0,1,0,0,0,341,2,0,0,6,0,0,2,0,0,0,1,0,0,5,0,0,0,0,0,0,0,17,0,0,0,0,0,0,0,1557.7777777777778,37.55555555555556,179.11111111111111,5.333333333333333
2020,16,2020-04-12T00:00:00Z,2020-04-18T00:00:00Z,0,0,2,1,1,0,0,0,360,0,1,0,4,0,0,3,0,0,0,0,0,0,9,0,0,0,0,1,1,0,17,0,0,0,0,0,0,0,1120.7272727272727,32,140,3.090909090909091
2020,17,2020-04-19T00:00:00Z,2020-04-25T00:00:00Z,0,1,1,0,0,0,0,0,399,1,0,0,6,0,0,0,0,0,0,0,0,0,6,1,1,0,0,0,1,0,29,0,0,0,0,0,0,0,834.5454545454545,34.18181818181818,135.45454545454547,2.909090909090909
2020,18,2020-04-26T00:00:00Z,2020-05-02T00:00:00Z,0,0,1,1,1,0,0,0,390,0,0,0,2,0,0,6,0,0,0,1,0,0,4,0,0,0,0,1,0,0,18,0,0,0,0,0,0,0,682.8888888888889,36,140,3.111111111111111
2020,19,2020-05-03T00:00:00Z,2020-05-09T00:00:00Z,0,0,0,0,0,0,0,0,502,5,0,0,5,0,0,7,0,0,0,1,0,0,4,1,0,0,0,0,1,0,22,0,0,0,0,0,0,0,619.5555555555555,34.888888888888886,148.44444444444446,2.888888888888889
2020,20,2020-05-10T00:00:00Z,2020-05-16T00:00:00Z,0,0,0,0,1,0,0,0,524,2,0,0,2,0,0,3,0,0,0,0,0,0,8,0,0,0,0,0,1,0,29,0,0,0,0,0,0,0,575.4545454545455,32.54545454545455,141.0909090909091,2.909090909090909
2020,21,2020-05-17T00:00:00Z,2020-05-23T00:00:00Z,0,0,1,0,1,0,0,0,618,1,0,0,4,0,0,3,0,0,0,2,0,0,3,0,0,1,0,0,0,0,43,0,0,0,0,0,0,0,504.90909090909093,32.18181818181818,152.72727272727272,1.2727272727272727
2020,22,2020-05-24T00:00:00Z,2020-05-30T00:00:00Z,0,0,0,1,2,0,0,0,731,1,0,0,2,0,0,4,0,0,0,1,0,0,8,0,0,1,0,0,0,0,32,0,0,0,0,0,1,0,571.1111111111111,35.77777777777778,141.11111111111111,2.2222222222222223
2020,23,2020-05-31T00:00:00Z,2020-06-06T00:00:00Z,0,0,0,1,0,0,0,0,868,0,0,0,1,0,0,6,0,0,0,2,0,0,12,0,1,0,0,0,0,0,29,0,0,0,0,0,0,1,268.1818181818182,18.181818181818183,54.72727272727273,1.2727272727272727
2020,24,2020-06-07T00:00:00Z,2020-06-13T00:00:00Z,0,0,0,0,0,0,0,0,1151,2,0,0,4,0,0,5,0,0,0,0,0,0,8,0,1,0,1,0,0,0,37,0,0,0,0,0,0,0,839.4545454545455,39.81818181818182,199.45454545454547,1.2727272727272727
2020,25,2020-06-14T00:00:00Z,2020-06-20T00:00:00Z,0,0,0,0,1,0,0,0,1369,2,0,0,5,0,0,4,0,0,0,1,0,0,8,1,1,0,1,0,0,0,41,0,0,0,0,0,0,0,808.1818181818181,40,216.1818181818182,2.1818181818181817
2020,26,2020-06-21T00:00:00Z,2020-06-27T00:00:00Z,0,0,0,0,0,0,0,0,1460,0,0,0,12,0,0,8,0,0,0,0,0,0,9,1,0,1,0,0,0,0,34,0,0,0,0,0,0,0,828.7272727272727,48.36363636363637,261.09090909090907,2.3636363636363638
2020,27,2020-06-28T00:00:00Z,2020-07-04T00:00:00Z,0,0,0,1,1,0,0,0,1444,4,1,0,7,0,0,9,0,0,0,1,0,1,14,1,0,3,0,0,0,0,32,0,0,0,0,0,0,0,858.9090909090909,47.63636363636363,291.6363636363636,3.4545454545454546
2020,28,2020-07-05T00:00:00Z,2020-07-11T00:00:00Z,0,0,0,2,1,0,0,0,1666,2,0,0,6,0,0,5,0,0,0,0,0,0,7,0,0,1,0,0,0,0,25,0,0,0,0,0,0,0,662.5454545454545,37.27272727272727,233.27272727272728,3.272727272727273
2020,29,2020-07-12T00:00:00Z,2020-07-18T00:00:00Z,0,0,0,0,0,0,0,0,1729,4,0,0,2,0,0,7,0,0,0,0,0,0,14,0,1,1,0,0,0,0,33,0,0,0,0,0,0,0,871.0909090909091,48.18181818181818,308.1818181818182,4.909090909090909
2020,30,2020-07-19T00:00:00Z,2020-07-25T00:00:00Z,NA,NA,NA,NA,NA,NA,NA,NA,NA,NA,NA,NA,NA,NA,NA,NA,NA,NA,NA,NA,NA,NA,NA,NA,NA,NA,NA,NA,NA,NA,NA,NA,NA,NA,NA,NA,NA,NA,NA,NA,NA,NA
2020,31,2020-07-26T00:00:00Z,2020-08-01T00:00:00Z,NA,NA,NA,NA,NA,NA,NA,NA,NA,NA,NA,NA,NA,NA,NA,NA,NA,NA,NA,NA,NA,NA,NA,NA,NA,NA,NA,NA,NA,NA,NA,NA,NA,NA,NA,NA,NA,NA,NA,NA,NA,NA
2020,32,2020-08-02T00:00:00Z,2020-08-08T00:00:00Z,NA,NA,NA,NA,NA,NA,NA,NA,NA,NA,NA,NA,NA,NA,NA,NA,NA,NA,NA,NA,NA,NA,NA,NA,NA,NA,NA,NA,NA,NA,NA,NA,NA,NA,NA,NA,NA,NA,NA,NA,NA,NA
2020,33,2020-08-09T00:00:00Z,2020-08-15T00:00:00Z,NA,NA,NA,NA,NA,NA,NA,NA,NA,NA,NA,NA,NA,NA,NA,NA,NA,NA,NA,NA,NA,NA,NA,NA,NA,NA,NA,NA,NA,NA,NA,NA,NA,NA,NA,NA,NA,NA,NA,NA,NA,NA
2020,34,2020-08-16T00:00:00Z,2020-08-22T00:00:00Z,NA,NA,NA,NA,NA,NA,NA,NA,NA,NA,NA,NA,NA,NA,NA,NA,NA,NA,NA,NA,NA,NA,NA,NA,NA,NA,NA,NA,NA,NA,NA,NA,NA,NA,NA,NA,NA,NA,NA,NA,NA,NA
2020,35,2020-08-23T00:00:00Z,2020-08-29T00:00:00Z,NA,NA,NA,NA,NA,NA,NA,NA,NA,NA,NA,NA,NA,NA,NA,NA,NA,NA,NA,NA,NA,NA,NA,NA,NA,NA,NA,NA,NA,NA,NA,NA,NA,NA,NA,NA,NA,NA,NA,NA,NA,NA
2020,36,2020-08-30T00:00:00Z,2020-09-05T00:00:00Z,NA,NA,NA,NA,NA,NA,NA,NA,NA,NA,NA,NA,NA,NA,NA,NA,NA,NA,NA,NA,NA,NA,NA,NA,NA,NA,NA,NA,NA,NA,NA,NA,NA,NA,NA,NA,NA,NA,NA,NA,NA,NA
2020,37,2020-09-06T00:00:00Z,2020-09-12T00:00:00Z,NA,NA,NA,NA,NA,NA,NA,NA,NA,NA,NA,NA,NA,NA,NA,NA,NA,NA,NA,NA,NA,NA,NA,NA,NA,NA,NA,NA,NA,NA,NA,NA,NA,NA,NA,NA,NA,NA,NA,NA,NA,NA
2020,38,2020-09-13T00:00:00Z,2020-09-19T00:00:00Z,NA,NA,NA,NA,NA,NA,NA,NA,NA,NA,NA,NA,NA,NA,NA,NA,NA,NA,NA,NA,NA,NA,NA,NA,NA,NA,NA,NA,NA,NA,NA,NA,NA,NA,NA,NA,NA,NA,NA,NA,NA,NA
2020,39,2020-09-20T00:00:00Z,2020-09-26T00:00:00Z,NA,NA,NA,NA,NA,NA,NA,NA,NA,NA,NA,NA,NA,NA,NA,NA,NA,NA,NA,NA,NA,NA,NA,NA,NA,NA,NA,NA,NA,NA,NA,NA,NA,NA,NA,NA,NA,NA,NA,NA,NA,NA
2020,40,2020-09-27T00:00:00Z,2020-10-03T00:00:00Z,NA,NA,NA,NA,NA,NA,NA,NA,NA,NA,NA,NA,NA,NA,NA,NA,NA,NA,NA,NA,NA,NA,NA,NA,NA,NA,NA,NA,NA,NA,NA,NA,NA,NA,NA,NA,NA,NA,NA,NA,NA,NA
2020,41,2020-10-04T00:00:00Z,2020-10-10T00:00:00Z,NA,NA,NA,NA,NA,NA,NA,NA,NA,NA,NA,NA,NA,NA,NA,NA,NA,NA,NA,NA,NA,NA,NA,NA,NA,NA,NA,NA,NA,NA,NA,NA,NA,NA,NA,NA,NA,NA,NA,NA,NA,NA
2020,42,2020-10-11T00:00:00Z,2020-10-17T00:00:00Z,NA,NA,NA,NA,NA,NA,NA,NA,NA,NA,NA,NA,NA,NA,NA,NA,NA,NA,NA,NA,NA,NA,NA,NA,NA,NA,NA,NA,NA,NA,NA,NA,NA,NA,NA,NA,NA,NA,NA,NA,NA,NA
2020,43,2020-10-18T00:00:00Z,2020-10-24T00:00:00Z,NA,NA,NA,NA,NA,NA,NA,NA,NA,NA,NA,NA,NA,NA,NA,NA,NA,NA,NA,NA,NA,NA,NA,NA,NA,NA,NA,NA,NA,NA,NA,NA,NA,NA,NA,NA,NA,NA,NA,NA,NA,NA
2020,44,2020-10-25T00:00:00Z,2020-10-31T00:00:00Z,NA,NA,NA,NA,NA,NA,NA,NA,NA,NA,NA,NA,NA,NA,NA,NA,NA,NA,NA,NA,NA,NA,NA,NA,NA,NA,NA,NA,NA,NA,NA,NA,NA,NA,NA,NA,NA,NA,NA,NA,NA,NA
2020,45,2020-11-01T00:00:00Z,2020-11-07T00:00:00Z,NA,NA,NA,NA,NA,NA,NA,NA,NA,NA,NA,NA,NA,NA,NA,NA,NA,NA,NA,NA,NA,NA,NA,NA,NA,NA,NA,NA,NA,NA,NA,NA,NA,NA,NA,NA,NA,NA,NA,NA,NA,NA
2020,46,2020-11-08T00:00:00Z,2020-11-14T00:00:00Z,NA,NA,NA,NA,NA,NA,NA,NA,NA,NA,NA,NA,NA,NA,NA,NA,NA,NA,NA,NA,NA,NA,NA,NA,NA,NA,NA,NA,NA,NA,NA,NA,NA,NA,NA,NA,NA,NA,NA,NA,NA,NA
2020,47,2020-11-15T00:00:00Z,2020-11-21T00:00:00Z,NA,NA,NA,NA,NA,NA,NA,NA,NA,NA,NA,NA,NA,NA,NA,NA,NA,NA,NA,NA,NA,NA,NA,NA,NA,NA,NA,NA,NA,NA,NA,NA,NA,NA,NA,NA,NA,NA,NA,NA,NA,NA
2020,48,2020-11-22T00:00:00Z,2020-11-28T00:00:00Z,NA,NA,NA,NA,NA,NA,NA,NA,NA,NA,NA,NA,NA,NA,NA,NA,NA,NA,NA,NA,NA,NA,NA,NA,NA,NA,NA,NA,NA,NA,NA,NA,NA,NA,NA,NA,NA,NA,NA,NA,NA,NA
2020,49,2020-11-29T00:00:00Z,2020-12-05T00:00:00Z,NA,NA,NA,NA,NA,NA,NA,NA,NA,NA,NA,NA,NA,NA,NA,NA,NA,NA,NA,NA,NA,NA,NA,NA,NA,NA,NA,NA,NA,NA,NA,NA,NA,NA,NA,NA,NA,NA,NA,NA,NA,NA
2020,50,2020-12-06T00:00:00Z,2020-12-12T00:00:00Z,NA,NA,NA,NA,NA,NA,NA,NA,NA,NA,NA,NA,NA,NA,NA,NA,NA,NA,NA,NA,NA,NA,NA,NA,NA,NA,NA,NA,NA,NA,NA,NA,NA,NA,NA,NA,NA,NA,NA,NA,NA,NA
2020,51,2020-12-13T00:00:00Z,2020-12-19T00:00:00Z,NA,NA,NA,NA,NA,NA,NA,NA,NA,NA,NA,NA,NA,NA,NA,NA,NA,NA,NA,NA,NA,NA,NA,NA,NA,NA,NA,NA,NA,NA,NA,NA,NA,NA,NA,NA,NA,NA,NA,NA,NA,NA
2020,52,2020-12-20T00:00:00Z,2020-12-26T00:00:00Z,NA,NA,NA,NA,NA,NA,NA,NA,NA,NA,NA,NA,NA,NA,NA,NA,NA,NA,NA,NA,NA,NA,NA,NA,NA,NA,NA,NA,NA,NA,NA,NA,NA,NA,NA,NA,NA,NA,NA,NA,NA,NA
2020,53,2020-12-27T00:00:00Z,2021-01-02T00:00:00Z,NA,NA,NA,NA,NA,NA,NA,NA,NA,NA,NA,NA,NA,NA,NA,NA,NA,NA,NA,NA,NA,NA,NA,NA,NA,NA,NA,NA,NA,NA,NA,NA,NA,NA,NA,NA,NA,NA,NA,NA,NA,NA
