"Year","Epidemiology Wk","Start","End","Dengue","DHF","HFMD","Salmonellosis(non-enteric fevers)","Acute Upper Respiratory Tract infections","Acute Diarrhoea"
2012,1,2012-01-01,2012-01-07,74,0,326,26,2932.22222222222,490.888888888889
2012,2,2012-01-08,2012-01-14,64,2,346,24,3188.72727272727,575.090909090909
2012,3,2012-01-15,2012-01-21,60,1,463,21,3184.54545454545,538.909090909091
2012,4,2012-01-22,2012-01-28,50,2,372,12,4000.57142857143,614.571428571429
2012,5,2012-01-29,2012-02-04,84,1,444,37,3355.81818181818,558.545454545455
2012,6,2012-02-05,2012-02-11,87,0,683,40,3357.63636363636,556.909090909091
2012,7,2012-02-12,2012-02-18,65,0,810,29,3033.09090909091,529.272727272727
2012,8,2012-02-19,2012-02-25,50,1,989,12,2953.45454545455,512.727272727273
2012,9,2012-02-26,2012-03-03,55,0,1115,27,2854.72727272727,504.545454545455
2012,10,2012-03-04,2012-03-10,45,1,1139,28,2868.36363636364,488.363636363636
2012,11,2012-03-11,2012-03-17,64,0,1011,36,2615.45454545455,431.636363636364
2012,12,2012-03-18,2012-03-24,72,1,1018,26,2803.45454545455,507.454545454545
2012,13,2012-03-25,2012-03-31,48,0,1017,27,2710.90909090909,476.727272727273
2012,14,2012-04-01,2012-04-07,52,0,952,27,2935.33333333333,485.555555555556
2012,15,2012-04-08,2012-04-14,81,1,1167,25,3098.18181818182,487.454545454545
2012,16,2012-04-15,2012-04-21,77,0,1387,36,3055.63636363636,501.636363636364
2012,17,2012-04-22,2012-04-28,64,0,1581,27,3021.63636363636,477.636363636364
2012,18,2012-04-29,2012-05-05,86,2,1462,21,3090,536.5
2012,19,2012-05-06,2012-05-12,96,1,1607,34,3099.81818181818,488.181818181818
2012,20,2012-05-13,2012-05-19,80,0,1682,28,3167.27272727273,480.545454545455
2012,21,2012-05-20,2012-05-26,80,0,1458,32,2982.18181818182,454
2012,22,2012-05-27,2012-06-02,81,0,1105,30,2719.09090909091,427.818181818182
2012,23,2012-06-03,2012-06-09,99,1,981,37,2550.18181818182,404.181818181818
2012,24,2012-06-10,2012-06-16,87,1,906,27,2494.54545454545,416
2012,25,2012-06-17,2012-06-23,128,1,794,32,2381.27272727273,398.727272727273
2012,26,2012-06-24,2012-06-30,151,0,728,23,2471.27272727273,468.181818181818
2012,27,2012-07-01,2012-07-07,140,0,686,27,2597.09090909091,497.636363636364
2012,28,2012-07-08,2012-07-14,131,1,681,17,2949.27272727273,547.090909090909
2012,29,2012-07-15,2012-07-21,124,1,754,25,3168.18181818182,544.909090909091
2012,30,2012-07-22,2012-07-28,110,0,868,28,3214.36363636364,564.909090909091
2012,31,2012-07-29,2012-08-04,94,0,748,39,2979.63636363636,575.818181818182
2012,32,2012-08-05,2012-08-11,127,0,628,28,2857.11111111111,538.666666666667
2012,33,2012-08-12,2012-08-18,115,0,573,33,2650,539.090909090909
2012,34,2012-08-19,2012-08-25,92,0,497,25,2669.33333333333,604.444444444444
2012,35,2012-08-26,2012-09-01,102,0,501,42,2533.09090909091,511.636363636364
2012,36,2012-09-02,2012-09-08,75,1,540,28,2342.72727272727,400.363636363636
2012,37,2012-09-09,2012-09-15,73,1,567,38,2618.72727272727,496.727272727273
2012,38,2012-09-16,2012-09-22,72,0,582,37,2578.72727272727,499.636363636364
2012,39,2012-09-23,2012-09-29,99,1,482,35,2516.54545454545,498.181818181818
2012,40,2012-09-30,2012-10-06,103,1,437,31,2575.27272727273,520.363636363636
2012,41,2012-10-07,2012-10-13,122,1,376,23,2637.81818181818,494
2012,42,2012-10-14,2012-10-20,105,0,341,24,2694.54545454545,506.909090909091
2012,43,2012-10-21,2012-10-27,84,0,325,26,2768.22222222222,521.777777777778
2012,44,2012-10-28,2012-11-03,104,0,265,27,2604.54545454545,486.181818181818
2012,45,2012-11-04,2012-11-10,99,1,237,33,2577.63636363636,476.545454545455
2012,46,2012-11-11,2012-11-17,87,1,238,32,2580.88888888889,538.222222222222
2012,47,2012-11-18,2012-11-24,99,1,283,24,2504.18181818182,498.909090909091
2012,48,2012-11-25,2012-12-01,80,0,219,35,2541.63636363636,483.636363636364
2012,49,2012-12-02,2012-12-08,78,0,217,35,2680.72727272727,481.454545454545
2012,50,2012-12-09,2012-12-15,104,1,198,23,2604.36363636364,469.090909090909
2012,51,2012-12-16,2012-12-22,92,2,185,34,2497.27272727273,418.909090909091
2012,52,2012-12-23,2012-12-29,111,1,154,26,2812,473.25
2013,1,2012-12-30,2013-01-05,132,2,148,26,3022,540.75
2013,2,2013-01-06,2013-01-12,204,1,191,26,3119.81818181818,595.636363636364
2013,3,2013-01-13,2013-01-19,219,0,171,26,3132.90909090909,568.727272727273
2013,4,2013-01-20,2013-01-26,264,3,172,32,3190.36363636364,543.454545454545
2013,5,2013-01-27,2013-02-02,292,1,185,30,3035.81818181818,501.818181818182
2013,6,2013-02-03,2013-02-09,322,0,164,28,2598.72727272727,475.454545454545
2013,7,2013-02-10,2013-02-16,246,1,181,20,3032.85714285714,572.571428571429
2013,8,2013-02-17,2013-02-23,294,2,265,26,2941.63636363636,510
2013,9,2013-02-24,2013-03-02,247,2,388,32,2753.27272727273,468.727272727273
2013,10,2013-03-03,2013-03-09,272,1,478,28,2712.90909090909,474.545454545455
2013,11,2013-03-10,2013-03-16,307,1,465,32,2499.81818181818,464.727272727273
2013,12,2013-03-17,2013-03-23,305,2,351,31,2148.18181818182,365.272727272727
2013,13,2013-03-24,2013-03-30,314,2,350,22,2342.66666666667,456
2013,14,2013-03-31,2013-04-06,402,4,438,39,2395.09090909091,454
2013,15,2013-04-07,2013-04-13,491,1,461,32,2500.36363636364,461.090909090909
2013,16,2013-04-14,2013-04-20,505,4,504,30,2687.81818181818,458.909090909091
2013,17,2013-04-21,2013-04-27,536,2,572,51,2699.45454545455,443.818181818182
2013,18,2013-04-28,2013-05-04,547,0,595,25,2854,491.555555555556
2013,19,2013-05-05,2013-05-11,556,2,627,30,2747.27272727273,478.363636363636
2013,20,2013-05-12,2013-05-18,611,0,697,45,2518.90909090909,451.818181818182
2013,21,2013-05-19,2013-05-25,637,3,662,27,2725.55555555556,451.555555555556
2013,22,2013-05-26,2013-06-01,742,4,774,42,2733.45454545455,459.818181818182
2013,23,2013-06-02,2013-06-08,813,1,697,51,2434.18181818182,403.272727272727
2013,24,2013-06-09,2013-06-15,805,4,736,32,2330,377.818181818182
2013,25,2013-06-16,2013-06-22,838,4,581,33,2754.72727272727,317.454545454545
2013,26,2013-06-23,2013-06-29,802,4,461,32,2412.54545454545,371.636363636364
2013,27,2013-06-30,2013-07-06,676,2,441,30,2368,501.272727272727
2013,28,2013-07-07,2013-07-13,540,1,482,44,2370.54545454545,522.727272727273
2013,29,2013-07-14,2013-07-20,389,1,578,32,2542.90909090909,543.636363636364
2013,30,2013-07-21,2013-07-27,305,1,590,30,2423.09090909091,524.545454545455
2013,31,2013-07-28,2013-08-03,288,1,659,30,2475.63636363636,543.818181818182
2013,32,2013-08-04,2013-08-10,255,1,577,18,2426,547.428571428571
2013,33,2013-08-11,2013-08-17,378,0,743,28,2699.81818181818,586.181818181818
2013,34,2013-08-18,2013-08-24,338,3,798,21,2565.45454545455,546.909090909091
2013,35,2013-08-25,2013-08-31,382,4,887,37,2379.63636363636,508.363636363636
2013,36,2013-09-01,2013-09-07,449,3,860,38,2261.81818181818,454.727272727273
2013,37,2013-09-08,2013-09-14,337,2,960,34,2210.72727272727,453.818181818182
2013,38,2013-09-15,2013-09-21,370,6,1062,46,2373.09090909091,515.454545454545
2013,39,2013-09-22,2013-09-28,402,4,1108,53,2179.81818181818,490.181818181818
2013,40,2013-09-29,2013-10-05,439,2,1077,65,2300.72727272727,472.181818181818
2013,41,2013-10-06,2013-10-12,435,3,1247,46,2429.09090909091,453.454545454545
2013,42,2013-10-13,2013-10-19,371,3,1147,39,2429.11111111111,481.111111111111
2013,43,2013-10-20,2013-10-26,495,0,1029,37,2400.72727272727,456.181818181818
2013,44,2013-10-27,2013-11-02,457,1,914,27,2155.27272727273,397.454545454545
2013,45,2013-11-03,2013-11-09,401,1,1002,46,3018.22222222222,514.666666666667
2013,46,2013-11-10,2013-11-16,442,2,849,26,2494.18181818182,420
2013,47,2013-11-17,2013-11-23,365,0,740,29,2576.18181818182,386.727272727273
2013,48,2013-11-24,2013-11-30,372,0,607,45,2362.72727272727,397.636363636364
2013,49,2013-12-01,2013-12-07,347,0,628,27,2526.18181818182,423.090909090909
2013,50,2013-12-08,2013-12-14,380,1,575,33,2508.90909090909,396
2013,51,2013-12-15,2013-12-21,371,0,542,28,2457.63636363636,369.090909090909
2013,52,2013-12-22,2013-12-28,414,0,363,20,2604.5,420.25
2014,1,2013-12-29,2014-01-04,436,1,345,22,2765.5,475.75
2014,2,2014-01-05,2014-01-11,479,NA,346,38,2804.72727272727,489.818181818182
2014,3,2014-01-12,2014-01-18,401,NA,387,27,3124.36363636364,518.545454545455
2014,4,2014-01-19,2014-01-25,336,NA,366,32,3288.36363636364,470.545454545455
2014,5,2014-01-26,2014-02-01,234,NA,214,25,3242,478.857142857143
2014,6,2014-02-02,2014-02-08,273,1,312,26,3200.36363636364,489.636363636364
2014,7,2014-02-09,2014-02-15,369,NA,329,30,2792.90909090909,524.181818181818
2014,8,2014-02-16,2014-02-22,193,1,371,21,2590.36363636364,460.909090909091
2014,9,2014-02-23,2014-03-01,186,1,331,23,2575.63636363636,423.636363636364
2014,10,2014-03-02,2014-03-08,209,1,321,22,2473.45454545455,451.636363636364
2014,11,2014-03-09,2014-03-15,224,1,309,36,2493.09090909091,406
2014,12,2014-03-16,2014-03-22,210,NA,247,40,2003.45454545455,359.454545454545
2014,13,2014-03-23,2014-03-29,225,NA,312,42,2197.81818181818,451.636363636364
2014,14,2014-03-30,2014-04-05,240,NA,341,44,2059.27272727273,424
2014,15,2014-04-06,2014-04-12,244,1,312,41,2248.18181818182,451.454545454545
2014,16,2014-04-13,2014-04-19,235,NA,348,40,2366.66666666667,443.111111111111
2014,17,2014-04-20,2014-04-26,282,NA,480,42,2587.63636363636,479.090909090909
2014,18,2014-04-27,2014-05-03,251,NA,557,50,2600.66666666667,556.222222222222
2014,19,2014-05-04,2014-05-10,261,NA,628,47,2522,468.727272727273
2014,20,2014-05-11,2014-05-17,291,NA,663,38,2630.22222222222,477.111111111111
2014,21,2014-05-18,2014-05-24,427,1,683,56,2754,476.727272727273
2014,22,2014-05-25,2014-05-31,456,NA,793,55,2649.09090909091,454.181818181818
2014,23,2014-06-01,2014-06-07,458,1,689,47,2511.81818181818,434.545454545455
2014,24,2014-06-08,2014-06-14,506,NA,521,41,2448,424.363636363636
2014,25,2014-06-15,2014-06-21,550,1,473,47,2381.63636363636,411.272727272727
2014,26,2014-06-22,2014-06-28,671,NA,431,50,2292.36363636364,430
2014,27,2014-06-29,2014-07-05,888,3,369,40,2496.18181818182,495.272727272727
2014,28,2014-07-06,2014-07-12,818,1,430,46,2628.72727272727,552.727272727273
2014,29,2014-07-13,2014-07-19,744,2,426,38,2768.72727272727,559.090909090909
2014,30,2014-07-20,2014-07-26,633,1,393,35,2664.54545454545,532
2014,31,2014-07-27,2014-08-02,484,NA,338,42,2646.88888888889,652.222222222222
2014,32,2014-08-03,2014-08-09,545,NA,422,35,2682.8,562.8
2014,33,2014-08-10,2014-08-16,438,NA,446,40,2653.63636363636,513.090909090909
2014,34,2014-08-17,2014-08-23,418,NA,464,34,2690.90909090909,521.272727272727
2014,35,2014-08-24,2014-08-30,367,NA,523,36,2575.81818181818,525.090909090909
2014,36,2014-08-31,2014-09-06,339,NA,523,29,2517.45454545455,485.272727272727
2014,37,2014-09-07,2014-09-13,362,NA,377,44,2244.18181818182,425.454545454545
2014,38,2014-09-14,2014-09-20,396,1,502,37,2283.09090909091,484.181818181818
2014,39,2014-09-21,2014-09-27,344,1,488,41,2099.09090909091,451.818181818182
2014,40,2014-09-28,2014-10-04,339,NA,512,39,1839.45454545455,437.272727272727
2014,41,2014-10-05,2014-10-11,278,NA,382,29,2043.33333333333,514.222222222222
2014,42,2014-10-12,2014-10-18,297,NA,385,42,1947.09090909091,465.090909090909
2014,43,2014-10-19,2014-10-25,213,NA,364,35,2048.66666666667,497.333333333333
2014,44,2014-10-26,2014-11-01,186,NA,377,32,2005.63636363636,436.363636363636
2014,45,2014-11-02,2014-11-08,168,1,400,37,2081.81818181818,422.181818181818
2014,46,2014-11-09,2014-11-15,158,NA,359,42,2140.18181818182,410.727272727273
2014,47,2014-11-16,2014-11-22,149,NA,357,34,2225.63636363636,404.727272727273
2014,48,2014-11-23,2014-11-29,162,NA,356,24,2204,391.454545454545
2014,49,2014-11-30,2014-12-06,212,NA,302,29,2235.27272727273,419.636363636364
2014,50,2014-12-07,2014-12-13,177,NA,371,22,2314.54545454545,418.181818181818
2014,51,2014-12-14,2014-12-20,198,NA,439,27,2177.45454545455,410
2014,52,2014-12-21,2014-12-27,188,NA,398,27,2406.75,410.25
2014,53,2014-12-28,2015-01-03,158,NA,375,29,2731.75,475.5
2015,1,2015-01-04,2015-01-10,256,1,422,44,2822.36363636364,508.727272727273
2015,2,2015-01-11,2015-01-17,228,0,554,40,2921.45454545455,513.818181818182
2015,3,2015-01-18,2015-01-24,237,0,492,30,3034.54545454545,508
2015,4,2015-01-25,2015-01-31,259,0,502,21,2917.63636363636,442
2015,5,2015-02-01,2015-02-07,212,0,492,22,2930.72727272727,474
2015,6,2015-02-08,2015-02-14,173,0,690,31,2997.45454545455,465.090909090909
2015,7,2015-02-15,2015-02-21,99,1,417,24,2958.66666666667,413.666666666667
2015,8,2015-02-22,2015-02-28,172,0,573,30,2821.45454545455,516.909090909091
2015,9,2015-03-01,2015-03-07,189,1,645,31,2589.81818181818,494
2015,10,2015-03-08,2015-03-14,110,0,609,27,2512.54545454545,480.545454545455
2015,11,2015-03-15,2015-03-21,91,0,556,27,2287.63636363636,404.909090909091
2015,12,2015-03-22,2015-03-28,129,1,558,42,2400.54545454545,448.363636363636
2015,13,2015-03-29,2015-04-04,90,1,463,31,2340.66666666667,416.444444444444
2015,14,2015-04-05,2015-04-11,107,0,537,37,2366.36363636364,462.545454545455
2015,15,2015-04-12,2015-04-18,137,0,633,34,2469.45454545455,496.909090909091
2015,16,2015-04-19,2015-04-25,113,0,693,40,2534.18181818182,479.818181818182
2015,17,2015-04-26,2015-05-02,120,0,721,29,2645.33333333333,468.222222222222
2015,18,2015-05-03,2015-05-09,135,0,778,31,2882.36363636364,515.272727272727
2015,19,2015-05-10,2015-05-16,157,1,782,24,2756.90909090909,481.636363636364
2015,20,2015-05-17,2015-05-23,109,0,855,36,2828.18181818182,495.090909090909
2015,21,2015-05-24,2015-05-30,178,2,1004,36,3000.90909090909,492.181818181818
2015,22,2015-05-31,2015-06-06,151,1,721,42,2843.55555555556,421.777777777778
2015,23,2015-06-07,2015-06-13,192,1,540,26,2636.54545454545,421.818181818182
2015,24,2015-06-14,2015-06-20,207,0,541,44,2630.90909090909,399.454545454545
2015,25,2015-06-21,2015-06-27,240,0,578,39,2651.45454545455,442.181818181818
2015,26,2015-06-28,2015-07-04,242,0,455,41,2318.72727272727,493.090909090909
2015,27,2015-07-05,2015-07-11,272,0,430,23,2356.90909090909,530
2015,28,2015-07-12,2015-07-18,263,0,385,41,2317.77777777778,554
2015,29,2015-07-19,2015-07-25,293,0,448,43,2454.90909090909,554.909090909091
2015,30,2015-07-26,2015-08-01,250,0,438,30,2391.63636363636,509.636363636364
2015,31,2015-08-02,2015-08-08,226,0,367,36,2475.11111111111,515.555555555556
2015,32,2015-08-09,2015-08-15,221,0,478,41,2880.44444444444,576
2015,33,2015-08-16,2015-08-22,250,0,554,44,2810.36363636364,516.727272727273
2015,34,2015-08-23,2015-08-29,225,0,533,50,2625.27272727273,476.909090909091
2015,35,2015-08-30,2015-09-05,246,0,483,58,2422.72727272727,439.090909090909
2015,36,2015-09-06,2015-09-12,217,0,407,42,2280,396
2015,37,2015-09-13,2015-09-19,303,0,414,43,2820.54545454545,412.909090909091
2015,38,2015-09-20,2015-09-26,214,0,403,41,2738.44444444444,429.777777777778
2015,39,2015-09-27,2015-10-03,257,0,441,39,2928.72727272727,395.090909090909
2015,40,2015-10-04,2015-10-10,235,0,431,47,2619.09090909091,433.454545454545
2015,41,2015-10-11,2015-10-17,235,0,585,42,2529.09090909091,443.454545454545
2015,42,2015-10-18,2015-10-24,224,0,477,51,2611.81818181818,452
2015,43,2015-10-25,2015-10-31,246,0,438,39,2587.63636363636,432
2015,44,2015-11-01,2015-11-07,266,0,502,40,2532.72727272727,452.727272727273
2015,45,2015-11-08,2015-11-14,198,0,523,58,2720.66666666667,519.111111111111
2015,46,2015-11-15,2015-11-21,254,0,600,52,2672.54545454545,459.818181818182
2015,47,2015-11-22,2015-11-28,285,1,610,48,2488.36363636364,454.909090909091
2015,48,2015-11-29,2015-12-05,259,0,533,46,2454.90909090909,446.727272727273
2015,49,2015-12-06,2015-12-12,356,1,568,41,2319.45454545455,438.363636363636
2015,50,2015-12-13,2015-12-19,333,0,548,48,2303.63636363636,428.545454545455
2015,51,2015-12-20,2015-12-26,372,0,432,58,2413.75,436
2015,52,2015-12-27,2016-01-02,459,0,370,40,2494,468.25
2016,1,2016-01-03,2016-01-09,547,0,417,57,2604.36363636364,492
2016,2,2016-01-10,2016-01-16,620,0,505,52,2775.45454545455,513.272727272727
2016,3,2016-01-17,2016-01-23,636,1,588,49,2946.36363636364,521.272727272727
2016,4,2016-01-24,2016-01-30,623,1,587,42,3111.09090909091,529.272727272727
2016,5,2016-01-31,2016-02-06,523,2,669,54,3125.45454545455,519.272727272727
2016,6,2016-02-07,2016-02-13,419,0,587,35,3739.71428571429,624
2016,7,2016-02-14,2016-02-20,589,1,699,49,3174,538.363636363636
2016,8,2016-02-21,2016-02-27,507,4,756,52,3148.36363636364,508
2016,9,2016-02-28,2016-03-05,411,0,831,39,3000.72727272727,456
2016,10,2016-03-06,2016-03-12,395,1,979,26,2702,489.818181818182
2016,11,2016-03-13,2016-03-19,372,1,905,41,2382.36363636364,418.909090909091
2016,12,2016-03-20,2016-03-26,304,2,860,25,2596.44444444444,471.777777777778
2016,13,2016-03-27,2016-04-02,376,1,937,39,2530,448.909090909091
2016,14,2016-04-03,2016-04-09,289,2,807,29,2416.90909090909,464.727272727273
2016,15,2016-04-10,2016-04-16,224,0,987,42,2382.54545454545,475.454545454545
2016,16,2016-04-17,2016-04-23,229,0,1051,48,2487.27272727273,471.454545454545
2016,17,2016-04-24,2016-04-30,242,0,1020,47,2520.18181818182,494
2016,18,2016-05-01,2016-05-07,180,0,1077,38,2714.66666666667,515.555555555556
2016,19,2016-05-08,2016-05-14,216,0,1316,48,2647.81818181818,503.636363636364
2016,20,2016-05-15,2016-05-21,212,0,1314,42,2852.6,546.6
2016,21,2016-05-22,2016-05-28,198,0,1344,57,2775.27272727273,492
2016,22,2016-05-29,2016-06-04,215,1,1234,45,2634.36363636364,453.454545454545
2016,23,2016-06-05,2016-06-11,157,1,1117,52,2520.90909090909,418.181818181818
2016,24,2016-06-12,2016-06-18,192,1,1066,28,2563.81818181818,444.909090909091
2016,25,2016-06-19,2016-06-25,215,0,1034,43,2818.54545454545,445.454545454545
2016,26,2016-06-26,2016-07-02,234,0,972,53,3021.27272727273,520.727272727273
2016,27,2016-07-03,2016-07-09,246,1,798,48,2989.11111111111,634.222222222222
2016,28,2016-07-10,2016-07-16,223,0,871,80,2940,593.090909090909
2016,29,2016-07-17,2016-07-23,266,0,884,58,3427.27272727273,586.909090909091
2016,30,2016-07-24,2016-07-30,221,1,908,35,3566.18181818182,571.454545454545
2016,31,2016-07-31,2016-08-06,210,0,972,41,3498.54545454545,550.727272727273
2016,32,2016-08-07,2016-08-13,197,1,917,46,3233.33333333333,592.444444444444
2016,33,2016-08-14,2016-08-20,221,1,914,48,2833.63636363636,550.363636363636
2016,34,2016-08-21,2016-08-27,274,0,948,26,2686.90909090909,520.909090909091
2016,35,2016-08-28,2016-09-03,310,1,906,36,2573.09090909091,500.909090909091
2016,36,2016-09-04,2016-09-10,242,0,867,44,2370.72727272727,452.727272727273
2016,37,2016-09-11,2016-09-17,175,0,778,47,2566.22222222222,617.333333333333
2016,38,2016-09-18,2016-09-24,174,0,756,30,2449.45454545455,553.636363636364
2016,39,2016-09-25,2016-10-01,138,0,737,37,2384,524.727272727273
2016,40,2016-10-02,2016-10-08,125,0,555,47,2378,558.909090909091
2016,41,2016-10-09,2016-10-15,94,0,616,41,2423.27272727273,582.363636363636
2016,42,2016-10-16,2016-10-22,108,0,599,46,2408.18181818182,564.727272727273
2016,43,2016-10-23,2016-10-29,84,0,474,34,2397.6,557.6
2016,44,2016-10-30,2016-11-05,85,1,489,45,2462,568.363636363636
2016,45,2016-11-06,2016-11-12,84,0,505,33,2598.36363636364,553.636363636364
2016,46,2016-11-13,2016-11-19,72,0,581,47,2651.09090909091,518.909090909091
2016,47,2016-11-20,2016-11-26,74,1,576,40,2619.63636363636,511.818181818182
2016,48,2016-11-27,2016-12-03,86,0,602,0,2588.72727272727,488.727272727273
2016,49,2016-12-04,2016-12-10,59,0,588,0,2377.45454545455,478.909090909091
2016,50,2016-12-11,2016-12-17,81,0,582,0,2409.81818181818,427.454545454545
2016,51,2016-12-18,2016-12-24,72,0,560,1,2275.09090909091,448.363636363636
2016,52,2016-12-25,2016-12-31,64,0,512,0,2493.33333333333,458
2017,1,2017-01-01,2017-01-07,70,0,501,48,2721.11111111111,517.777777777778
2017,2,2017-01-08,2017-01-14,90,1,588,43,2864.18181818182,542.545454545455
2017,3,2017-01-15,2017-01-21,73,1,599,38,3059.63636363636,558
2017,4,2017-01-22,2017-01-28,63,0,492,33,3002.2,508.8
2017,5,2017-01-29,2017-02-04,62,0,572,44,3520.88888888889,582.888888888889
2017,6,2017-02-05,2017-02-11,77,0,669,33,3352.18181818182,586.727272727273
2017,7,2017-02-12,2017-02-18,51,2,692,25,3316.36363636364,561.272727272727
2017,8,2017-02-19,2017-02-25,54,0,762,46,2992.72727272727,535.818181818182
2017,9,2017-02-26,2017-03-04,41,0,855,45,3008,526.727272727273
2017,10,2017-03-05,2017-03-11,32,0,943,32,3038.36363636364,533.090909090909
2017,11,2017-03-12,2017-03-18,34,1,797,31,2711.27272727273,428.181818181818
2017,12,2017-03-19,2017-03-25,32,0,790,63,2976.54545454545,515.454545454545
2017,13,2017-03-26,2017-04-01,49,1,663,45,2838.90909090909,486
2017,14,2017-04-02,2017-04-08,37,0,695,33,3023.45454545455,530.545454545455
2017,15,2017-04-09,2017-04-15,32,0,654,42,3163.55555555556,548
2017,16,2017-04-16,2017-04-22,51,0,762,31,3202.18181818182,545.818181818182
2017,17,2017-04-23,2017-04-29,37,0,752,32,3189.45454545455,565.818181818182
2017,18,2017-04-30,2017-05-06,42,0,755,43,3452,541.777777777778
2017,19,2017-05-07,2017-05-13,48,0,732,38,3644.66666666667,595.555555555556
2017,20,2017-05-14,2017-05-20,48,2,793,40,3500.36363636364,565.272727272727
2017,21,2017-05-21,2017-05-27,50,0,789,44,3439.81818181818,548
2017,22,2017-05-28,2017-06-03,66,0,713,65,3241.45454545455,484.363636363636
2017,23,2017-06-04,2017-06-10,62,0,607,36,2842,467.636363636364
2017,24,2017-06-11,2017-06-17,79,1,520,49,2476,464.181818181818
2017,25,2017-06-18,2017-06-24,73,0,554,33,2374,454.545454545455
2017,26,2017-06-25,2017-07-01,75,0,436,28,2793.33333333333,616.666666666667
2017,27,2017-07-02,2017-07-08,63,0,572,41,2834.72727272727,529.090909090909
2017,28,2017-07-09,2017-07-15,53,0,661,31,3190.72727272727,616.363636363636
2017,29,2017-07-16,2017-07-22,51,0,692,30,3355.45454545455,612
2017,30,2017-07-23,2017-07-29,66,1,803,45,3132.36363636364,604.545454545455
2017,31,2017-07-30,2017-08-05,60,0,872,40,2867.09090909091,576.181818181818
2017,32,2017-08-06,2017-08-12,56,0,695,46,2782.88888888889,597.111111111111
2017,33,2017-08-13,2017-08-19,52,1,711,27,2892.72727272727,599.090909090909
2017,34,2017-08-20,2017-08-26,51,1,840,37,2770.72727272727,567.818181818182
2017,35,2017-08-27,2017-09-02,33,0,761,39,2502.44444444444,480.666666666667
2017,36,2017-09-03,2017-09-09,40,0,659,46,2378.36363636364,460.545454545455
2017,37,2017-09-10,2017-09-16,53,0,717,41,2489.27272727273,528.727272727273
2017,38,2017-09-17,2017-09-23,58,1,708,39,2664.72727272727,509.818181818182
2017,39,2017-09-24,2017-09-30,39,0,672,27,2686.36363636364,482.909090909091
2017,40,2017-10-01,2017-10-07,51,1,622,33,2881.09090909091,504.181818181818
2017,41,2017-10-08,2017-10-14,55,0,721,34,3016,518.181818181818
2017,42,2017-10-15,2017-10-21,62,1,635,38,3125.33333333333,575.111111111111
2017,43,2017-10-22,2017-10-28,77,0,549,37,2869.27272727273,532.181818181818
2017,44,2017-10-29,2017-11-04,62,0,553,50,2882,506.545454545455
2017,45,2017-11-05,2017-11-11,44,0,474,35,2861.63636363636,519.454545454545
2017,46,2017-11-12,2017-11-18,50,0,550,33,2939.45454545455,543.818181818182
2017,47,2017-11-19,2017-11-25,24,0,482,27,2909.63636363636,503.818181818182
2017,48,2017-11-26,2017-12-02,37,1,463,38,2836,502.181818181818
2017,49,2017-12-03,2017-12-09,33,1,416,36,2711.27272727273,500.181818181818
2017,50,2017-12-10,2017-12-16,40,0,460,44,2676.90909090909,482.909090909091
2017,51,2017-12-17,2017-12-23,51,0,412,36,2729.09090909091,466.181818181818
2017,52,2017-12-24,2017-12-30,66,0,325,42,2836,484.666666666667
2018,1,2017-12-31,1900-01-01,83,0,326,27,3157.55555555556,579.777777777778
2018,2,2018-01-07,2018-01-13,68,0,478,33,3632.18181818182,603.636363636364
2018,3,2018-01-14,2018-01-20,54,0,542,28,4233.81818181818,582.909090909091
2018,4,2018-01-21,2018-01-27,45,0,645,23,4048.36363636364,606.545454545455
2018,5,2018-01-28,2018-02-03,48,0,757,26,3959.81818181818,582.727272727273
2018,6,2018-02-04,2018-02-10,50,0,699,22,3983.27272727273,559.818181818182
2018,7,2018-02-11,2018-02-17,28,0,546,13,3911.14285714286,542.571428571429
2018,8,2018-02-18,2018-02-24,38,1,668,14,3513.09090909091,584.727272727273
2018,9,2018-02-25,2018-03-03,51,0,780,32,3174,571.818181818182
2018,10,2018-03-04,2018-03-10,37,0,1105,32,3011.63636363636,550
2018,11,2018-03-11,2018-03-17,37,2,946,32,2693.81818181818,498.363636363636
2018,12,2018-03-18,2018-03-24,36,0,983,30,2806.36363636364,552.181818181818
2018,13,2018-03-25,2018-03-31,24,0,843,22,2796.88888888889,532.222222222222
2018,14,2018-04-01,2018-04-07,38,0,1010,32,2968.36363636364,564.727272727273
2018,15,2018-04-08,2018-04-14,38,0,985,31,2958.90909090909,600.545454545455
2018,16,2018-04-15,2018-04-21,56,0,996,33,2984.36363636364,575.090909090909
2018,17,2018-04-22,2018-04-28,55,1,1066,27,3044,568
2018,18,2018-04-29,2018-05-05,74,3,971,41,3249.33333333333,574.222222222222
2018,19,2018-05-06,2018-05-12,62,0,1159,36,3130.72727272727,575.090909090909
2018,20,2018-05-13,2018-05-19,63,1,1022,40,3074.72727272727,597.818181818182
2018,21,2018-05-20,2018-05-26,64,1,1086,40,3089.27272727273,608.909090909091
2018,22,2018-05-27,2018-06-02,52,2,849,47,3022.88888888889,562.888888888889
2018,23,2018-06-03,2018-06-09,75,0,873,47,2700.90909090909,524.181818181818
2018,24,2018-06-10,2018-06-16,55,0,735,31,2402.88888888889,466
2018,25,2018-06-17,2018-06-23,59,2,716,39,2596.90909090909,533.818181818182
2018,26,2018-06-24,2018-06-30,75,1,889,30,2986.90909090909,603.090909090909
2018,27,2018-07-01,2018-07-07,56,2,1071,42,3172.54545454545,592
2018,28,2018-07-08,2018-07-14,44,0,1140,22,3384,648.727272727273
2018,29,2018-07-15,2018-07-21,41,0,1136,22,3202,634
2018,30,2018-07-22,2018-07-28,56,0,1177,37,3032.54545454545,623.818181818182
2018,31,2018-07-29,2018-08-04,50,1,1249,32,3005.63636363636,647.454545454545
2018,32,2018-08-05,2018-08-11,59,0,1050,30,2890.22222222222,610.666666666667
2018,33,2018-08-12,2018-08-18,42,1,1038,23,2872.90909090909,607.454545454545
2018,34,2018-08-19,2018-08-25,66,2,796,31,2816,648.666666666667
2018,35,2018-08-26,2018-09-01,75,0,684,23,2518.54545454545,565.818181818182
2018,36,2018-09-02,2018-09-08,75,1,474,38,2421.81818181818,498.909090909091
2018,37,2018-09-09,2018-09-15,49,0,594,30,2893.27272727273,593.090909090909
2018,38,2018-09-16,2018-09-22,63,0,568,34,2844.72727272727,606.181818181818
2018,39,2018-09-23,2018-09-29,40,0,622,28,2767.27272727273,570.727272727273
2018,40,2018-09-30,2018-10-06,51,0,586,30,2659.09090909091,577.636363636364
2018,41,2018-10-07,2018-10-13,51,0,547,36,2656.36363636364,577.090909090909
2018,42,2018-10-14,2018-10-20,60,2,543,36,2904,619.818181818182
2018,43,2018-10-21,2018-10-27,78,0,561,40,2947.45454545455,615.636363636364
2018,44,2018-10-28,2018-11-03,75,0,565,44,3016.18181818182,583.818181818182
2018,45,2018-11-04,2018-11-10,71,0,528,34,3320.66666666667,614.666666666667
2018,46,2018-11-11,2018-11-17,78,0,587,37,3271.81818181818,592.545454545455
2018,47,2018-11-18,2018-11-24,97,0,607,31,3385.81818181818,567.636363636364
2018,48,2018-11-25,2018-12-01,109,0,533,21,3294.72727272727,543.272727272727
2018,49,2018-12-02,2018-12-08,114,1,500,31,3138.36363636364,543.272727272727
2018,50,2018-12-09,2018-12-15,107,1,461,27,3035.81818181818,509.272727272727
2018,51,2018-12-16,2018-12-22,127,1,486,33,2914.72727272727,502.363636363636
2018,52,2018-12-23,2018-12-29,160,0,439,24,3420,590.25
2019,1,2018-12-30,2019-01-05,205,2,52,43,3477.5,631
2019,2,2019-01-06,2019-01-12,245,0,79,28,3290.90909090909,619.818181818182
2019,3,2019-01-13,2019-01-19,207,8,69,55,3390.54545454545,632.909090909091
2019,4,2019-01-20,2019-01-26,221,1,67,38,3407.81818181818,600.545454545455
2019,5,2019-01-27,2019-02-02,179,3,59,34,3428.18181818182,589.818181818182
2019,6,2019-02-03,2019-02-09,135,3,48,30,3658.33333333333,754.666666666667
2019,7,2019-02-10,2019-02-16,232,3,68,40,3237.27272727273,659.090909090909
2019,8,2019-02-17,2019-02-23,181,1,89,25,3063.27272727273,622.363636363636
2019,9,2019-02-24,2019-03-02,156,1,69,50,2920.36363636364,589.272727272727
2019,10,2019-03-03,2019-03-09,133,1,73,41,2949.45454545455,593.272727272727
2019,11,2019-03-10,2019-03-16,109,0,105,39,2881.45454545455,581.636363636364
2019,12,2019-03-17,2019-03-23,96,1,68,42,2591.45454545455,506.909090909091
2019,13,2019-03-24,2019-03-30,99,1,85,66,2686.90909090909,584.181818181818
2019,14,2019-03-31,2019-04-06,108,0,91,72,2833.81818181818,608.545454545455
2019,15,2019-04-07,2019-04-13,125,0,115,36,2869.81818181818,585.818181818182
2019,16,2019-04-14,2019-04-20,134,1,107,42,2995.33333333333,614
2019,17,2019-04-21,2019-04-27,156,1,98,37,2963.09090909091,644.909090909091
2019,18,2019-04-28,2019-05-04,192,2,84,36,3223.77777777778,684.444444444444
2019,19,2019-05-05,2019-05-11,287,0,99,41,3184.18181818182,643.272727272727
2019,20,2019-05-12,2019-05-18,307,2,130,40,3060.18181818182,674
2019,21,2019-05-19,2019-05-25,376,2,91,55,3210.22222222222,675.333333333333
2019,22,2019-05-26,2019-06-01,400,1,131,40,3017.45454545455,637.090909090909
2019,23,2019-06-02,2019-06-08,396,4,89,41,2824.44444444444,640.444444444444
2019,24,2019-06-09,2019-06-15,464,3,115,43,2797.27272727273,513.272727272727
2019,25,2019-06-16,2019-06-22,430,3,145,37,2824.36363636364,554.181818181818
2019,26,2019-06-23,2019-06-29,492,5,143,33,2956.90909090909,592.727272727273
2019,27,2019-06-30,2019-07-06,591,2,126,43,3182.36363636364,679.090909090909
2019,28,2019-07-07,2019-07-13,661,2,135,31,3312,726
2019,29,2019-07-14,2019-07-20,644,2,129,47,3290.36363636364,696.727272727273
2019,30,2019-07-21,2019-07-27,601,4,115,29,3256.36363636364,750.545454545455
2019,31,2019-07-28,2019-08-03,597,2,114,37,3101.81818181818,744.363636363636
2019,32,2019-08-04,2019-08-10,521,2,97,32,2837.11111111111,696.444444444444
2019,33,2019-08-11,2019-08-17,522,2,97,35,2794.22222222222,727.333333333333
2019,34,2019-08-18,2019-08-24,474,0,90,38,2621.45454545455,728.727272727273
2019,35,2019-08-25,2019-08-31,412,2,103,31,2509.63636363636,671.636363636364
2019,36,2019-09-01,2019-09-07,326,1,97,36,2392.72727272727,609.636363636364
2019,37,2019-09-08,2019-09-14,314,3,117,29,2285.81818181818,538.545454545455
2019,38,2019-09-15,2019-09-21,299,2,100,38,2719.81818181818,570.545454545455
2019,39,2019-09-22,2019-09-28,258,3,104,43,2564,577.636363636364
2019,40,2019-09-29,2019-10-05,243,3,88,45,2618.54545454545,572.363636363636
2019,41,2019-10-06,2019-10-12,227,1,105,37,2848,566.181818181818
2019,42,2019-10-13,2019-10-19,239,0,92,43,2987.09090909091,565.454545454545
2019,43,2019-10-20,2019-10-26,241,1,124,36,2952.36363636364,584.909090909091
2019,44,2019-10-27,2019-11-02,306,2,93,35,3208.22222222222,626.888888888889
2019,45,2019-11-03,2019-11-09,321,1,82,52,3155.63636363636,586
2019,46,2019-11-10,2019-11-16,372,1,95,33,3114.90909090909,581.090909090909
2019,47,2019-11-17,2019-11-23,328,2,98,37,3100.90909090909,559.454545454545
2019,48,2019-11-24,2019-11-30,295,0,111,35,2966,542.363636363636
2019,49,2019-12-01,2019-12-07,280,1,97,35,2965.63636363636,525.818181818182
2019,50,2019-12-08,2019-12-14,257,0,97,34,3061.81818181818,489.636363636364
2019,51,2019-12-15,2019-12-21,226,0,63,36,3049.81818181818,510.727272727273
2019,52,2019-12-22,2019-12-28,290,0,75,33,3701,598
2020,1,2019-12-29,2020-01-04,302,1,85,19,3841.5,639.75
2020,2,2020-01-05,2020-01-11,342,1,82,25,3585.09090909091,604.181818181818
2020,3,2020-01-12,2020-01-18,402,2,112,26,3707.81818181818,589.454545454545
2020,4,2020-01-19,2020-01-25,307,2,61,32,3810.66666666667,625.555555555556
2020,5,2020-01-26,2020-02-01,370,0,114,33,4728.44444444444,540.666666666667
2020,6,2020-02-02,2020-02-08,400,0,79,42,3791.45454545455,538.545454545455
2020,7,2020-02-09,2020-02-15,378,2,58,26,3149.81818181818,431.090909090909
2020,8,2020-02-16,2020-02-22,380,1,58,22,2825.81818181818,406.545454545455
2020,9,2020-02-23,2020-02-29,373,1,59,38,2473.09090909091,404.181818181818
2020,10,2020-03-01,2020-03-07,375,0,46,53,2317.09090909091,398.727272727273
2020,11,2020-03-08,2020-03-14,389,0,42,41,2288.18181818182,368.909090909091
2020,12,2020-03-15,2020-03-21,367,1,35,44,2378,367.454545454545
2020,13,2020-03-22,2020-03-28,377,0,22,32,2592.18181818182,344.181818181818
2020,14,2020-03-29,2020-04-04,315,0,22,20,2064.54545454545,258.727272727273
2020,15,2020-04-05,2020-04-11,341,2,6,17,1557.77777777778,179.111111111111
2020,16,2020-04-12,2020-04-18,360,0,4,17,1120.72727272727,140
2020,17,2020-04-19,2020-04-25,399,1,6,29,834.545454545455,135.454545454545
2020,18,2020-04-26,2020-05-02,390,0,2,18,682.888888888889,140
2020,19,2020-05-03,2020-05-09,502,5,5,22,619.555555555556,148.444444444444
2020,20,2020-05-10,2020-05-16,524,2,2,29,575.454545454545,141.090909090909
2020,21,2020-05-17,2020-05-23,618,1,4,43,504.909090909091,152.727272727273
2020,22,2020-05-24,2020-05-30,731,1,2,32,571.111111111111,141.111111111111
2020,23,2020-05-31,2020-06-06,868,0,1,29,268.181818181818,54.7272727272727
2020,24,2020-06-07,2020-06-13,1151,2,4,37,839.454545454545,199.454545454545
2020,25,2020-06-14,2020-06-20,1370,2,5,41,808.181818181818,216.181818181818
2020,26,2020-06-21,2020-06-27,1460,0,12,34,828.727272727273,261.090909090909
2020,27,2020-06-28,2020-07-04,1449,3,7,35,858.909090909091,291.636363636364
2020,28,2020-07-05,2020-07-11,NA,NA,NA,NA,NA,NA
2020,29,2020-07-12,2020-07-18,NA,NA,NA,NA,NA,NA
2020,30,2020-07-19,2020-07-25,NA,NA,NA,NA,NA,NA
2020,31,2020-07-26,2020-08-01,NA,NA,NA,NA,NA,NA
2020,32,2020-08-02,2020-08-08,NA,NA,NA,NA,NA,NA
2020,33,2020-08-09,2020-08-15,NA,NA,NA,NA,NA,NA
2020,34,2020-08-16,2020-08-22,NA,NA,NA,NA,NA,NA
2020,35,2020-08-23,2020-08-29,NA,NA,NA,NA,NA,NA
2020,36,2020-08-30,2020-09-05,NA,NA,NA,NA,NA,NA
2020,37,2020-09-06,2020-09-12,NA,NA,NA,NA,NA,NA
2020,38,2020-09-13,2020-09-19,NA,NA,NA,NA,NA,NA
2020,39,2020-09-20,2020-09-26,NA,NA,NA,NA,NA,NA
2020,40,2020-09-27,2020-10-03,NA,NA,NA,NA,NA,NA
2020,41,2020-10-04,2020-10-10,NA,NA,NA,NA,NA,NA
2020,42,2020-10-11,2020-10-17,NA,NA,NA,NA,NA,NA
2020,43,2020-10-18,2020-10-24,NA,NA,NA,NA,NA,NA
2020,44,2020-10-25,2020-10-31,NA,NA,NA,NA,NA,NA
2020,45,2020-11-01,2020-11-07,NA,NA,NA,NA,NA,NA
2020,46,2020-11-08,2020-11-14,NA,NA,NA,NA,NA,NA
2020,47,2020-11-15,2020-11-21,NA,NA,NA,NA,NA,NA
2020,48,2020-11-22,2020-11-28,NA,NA,NA,NA,NA,NA
2020,49,2020-11-29,2020-12-05,NA,NA,NA,NA,NA,NA
2020,50,2020-12-06,2020-12-12,NA,NA,NA,NA,NA,NA
2020,51,2020-12-13,2020-12-19,NA,NA,NA,NA,NA,NA
2020,52,2020-12-20,2020-12-26,NA,NA,NA,NA,NA,NA
2020,53,2020-12-27,2021-01-02,NA,NA,NA,NA,NA,NA
