"Year","Epidemiology Wk","Start","End","Cholera","Paratyphoid","Typhoid","Acute Viral Hepatitis A","Acute Viral Hepatitis E","Poliomyelitis","Plague","Yellow Fever","Dengue","DHF","Malaria","Chikungunya","HFMD","Diphtheria","Measles","Mumps","Rubella","SARS","Nipah","Acute Viral hepatitis B","Encephalitis","Legionellosis","Campylobacter enteritis","Acute Viral hepatitis C","Leptospirosis","Melioidosis","Meningococcal Infection","Pertussis","Pneumococcal Disease (invasive)","Haemophilus influenzae type b","Salmonellosis(non-enteric fevers)","Avian Influenza","Zika","Ebola Virus Disease","Japanese Encephalitis","Tetanus","Botulism","Murine Typhus","Acute Upper Respiratory Tract infections","Acute Conjunctivitis","Acute Diarrhoea","Chickenpox"
2012,1,2012-01-01,2012-01-07,0,1,6,1,3,0,0,0,74,0,1,0,326,0,2,11,1,0,0,0,0,0,6,0,NA,0,0,2,3,0,26,0,NA,NA,NA,NA,NA,NA,2932.22222222222,119.777777777778,490.888888888889,18
2012,2,2012-01-08,2012-01-14,0,1,3,2,0,0,0,0,64,2,2,1,346,0,1,10,2,0,0,0,0,0,7,0,NA,1,0,0,3,0,24,0,NA,NA,NA,NA,NA,NA,3188.72727272727,113.818181818182,575.090909090909,19.0909090909091
2012,3,2012-01-15,2012-01-21,0,1,5,3,0,0,0,0,60,1,2,1,463,0,2,15,4,0,0,0,3,0,9,0,NA,1,0,5,3,0,21,0,NA,NA,NA,NA,NA,NA,3184.54545454545,106,538.909090909091,16.3636363636364
2012,4,2012-01-22,2012-01-28,0,1,1,3,2,0,0,0,50,2,3,0,372,0,0,8,2,0,0,1,1,1,8,0,NA,1,0,0,2,0,12,0,NA,NA,NA,NA,NA,NA,4000.57142857143,118,614.571428571429,24.2857142857143
2012,5,2012-01-29,2012-02-04,0,3,5,2,0,0,0,0,84,1,1,0,444,0,2,12,0,0,0,1,0,0,8,0,NA,0,0,1,5,0,37,0,NA,NA,NA,NA,NA,NA,3355.81818181818,109.636363636364,558.545454545455,17.6363636363636
2012,6,2012-02-05,2012-02-11,0,2,0,0,4,0,0,0,87,0,2,0,683,0,4,12,2,0,0,1,2,1,5,0,NA,1,0,0,4,0,40,0,NA,NA,NA,NA,NA,NA,3357.63636363636,111.090909090909,556.909090909091,20
2012,7,2012-02-12,2012-02-18,0,1,2,0,2,0,0,0,65,0,1,0,810,0,1,12,4,0,0,0,0,0,8,0,NA,0,0,0,3,0,29,0,NA,NA,NA,NA,NA,NA,3033.09090909091,105.090909090909,529.272727272727,18.5454545454545
2012,8,2012-02-19,2012-02-25,0,4,3,0,3,0,0,0,50,1,0,1,989,0,2,18,0,0,0,0,0,0,8,0,NA,1,0,0,3,0,12,0,NA,NA,NA,NA,NA,NA,2953.45454545455,102,512.727272727273,20.7272727272727
2012,9,2012-02-26,2012-03-03,0,4,1,2,0,0,0,0,55,0,0,1,1115,0,1,10,2,0,0,2,0,1,6,0,NA,1,0,3,2,0,27,0,NA,NA,NA,NA,NA,NA,2854.72727272727,104.545454545455,504.545454545455,16.9090909090909
2012,10,2012-03-04,2012-03-10,0,2,1,2,3,0,0,0,45,1,4,2,1139,0,0,16,0,0,0,3,1,1,12,1,NA,0,0,0,9,0,28,0,NA,NA,NA,NA,NA,NA,2868.36363636364,95.4545454545455,488.363636363636,19.4545454545455
2012,11,2012-03-11,2012-03-17,0,2,1,1,2,0,0,0,64,0,2,0,1011,0,1,8,1,0,0,0,1,1,10,0,NA,1,0,0,2,0,36,0,NA,NA,NA,NA,NA,NA,2615.45454545455,102.727272727273,431.636363636364,15.2727272727273
2012,12,2012-03-18,2012-03-24,0,1,1,0,2,0,0,0,72,1,2,0,1018,0,1,11,0,0,0,1,2,1,5,0,NA,0,0,3,3,0,26,0,NA,NA,NA,NA,NA,NA,2803.45454545455,111.636363636364,507.454545454545,21.2727272727273
2012,13,2012-03-25,2012-03-31,0,0,2,1,2,0,0,0,48,0,4,0,1017,0,0,15,2,0,0,2,0,2,14,0,NA,0,0,1,0,0,27,0,NA,NA,NA,NA,NA,NA,2710.90909090909,106,476.727272727273,17.0909090909091
2012,14,2012-04-01,2012-04-07,0,0,1,0,2,0,0,0,52,0,2,0,952,0,0,6,2,0,0,0,0,0,2,0,NA,0,0,1,1,0,27,0,NA,NA,NA,NA,NA,NA,2935.33333333333,109.555555555556,485.555555555556,20.4444444444444
2012,15,2012-04-08,2012-04-14,0,2,2,0,0,0,0,0,81,1,2,1,1167,0,0,13,2,0,0,0,0,2,12,0,NA,1,0,0,1,0,25,0,NA,NA,NA,NA,NA,NA,3098.18181818182,98.1818181818182,487.454545454545,18
2012,16,2012-04-15,2012-04-21,0,0,0,4,2,0,0,0,77,0,4,1,1387,0,0,15,2,0,0,0,0,1,6,0,NA,1,0,0,2,0,36,0,NA,NA,NA,NA,NA,NA,3055.63636363636,114,501.636363636364,18.9090909090909
2012,17,2012-04-22,2012-04-28,0,2,1,1,1,0,0,0,64,0,2,0,1581,0,1,13,3,0,0,0,1,0,14,0,NA,1,0,0,7,0,27,0,NA,NA,NA,NA,NA,NA,3021.63636363636,107.636363636364,477.636363636364,20.7272727272727
2012,18,2012-04-29,2012-05-05,0,1,3,0,3,0,0,0,86,2,2,0,1462,0,1,13,2,0,0,3,0,0,2,0,NA,1,0,0,3,0,21,0,NA,NA,NA,NA,NA,NA,3090,105.75,536.5,25.75
2012,19,2012-05-06,2012-05-12,0,0,2,1,5,0,0,0,96,1,1,1,1607,0,1,19,2,0,0,0,0,0,12,0,NA,0,0,0,1,0,34,0,NA,NA,NA,NA,NA,NA,3099.81818181818,101.272727272727,488.181818181818,21.2727272727273
2012,20,2012-05-13,2012-05-19,0,3,2,2,4,0,0,0,80,0,2,0,1682,0,0,11,0,0,0,1,0,0,7,0,NA,2,0,1,2,0,28,0,NA,NA,NA,NA,NA,NA,3167.27272727273,116.909090909091,480.545454545455,26
2012,21,2012-05-20,2012-05-26,1,0,3,2,2,0,0,0,80,0,1,0,1458,0,0,10,1,0,0,1,0,0,6,0,NA,0,0,0,3,0,32,0,NA,NA,NA,NA,NA,NA,2982.18181818182,94.7272727272727,454,20.7272727272727
2012,22,2012-05-27,2012-06-02,0,1,1,3,2,0,0,0,81,0,2,0,1105,0,1,5,1,0,0,3,0,1,7,0,NA,1,0,1,3,0,30,0,NA,NA,NA,NA,NA,NA,2719.09090909091,91.4545454545455,427.818181818182,19.4545454545455
2012,23,2012-06-03,2012-06-09,0,1,2,2,0,0,0,0,99,1,3,0,981,0,0,9,1,0,0,2,0,0,7,0,NA,0,0,1,2,0,37,0,NA,NA,NA,NA,NA,NA,2550.18181818182,93.4545454545455,404.181818181818,14.5454545454545
2012,24,2012-06-10,2012-06-16,0,0,2,2,3,0,0,0,87,1,3,0,906,0,1,11,1,0,0,0,0,2,5,0,NA,1,0,0,6,0,27,0,NA,NA,NA,NA,NA,NA,2494.54545454545,91.4545454545455,416,14.3636363636364
2012,25,2012-06-17,2012-06-23,0,4,2,2,0,0,0,0,128,1,5,0,794,0,1,7,0,0,0,0,1,1,11,0,NA,0,0,1,4,0,32,0,NA,NA,NA,NA,NA,NA,2381.27272727273,84,398.727272727273,19.6363636363636
2012,26,2012-06-24,2012-06-30,0,3,1,0,2,0,0,0,151,0,7,0,728,0,0,11,2,0,0,1,0,0,4,0,NA,0,0,0,2,0,23,0,NA,NA,NA,NA,NA,NA,2471.27272727273,100.909090909091,468.181818181818,19.6363636363636
2012,27,2012-07-01,2012-07-07,0,3,3,3,4,0,0,0,140,0,4,0,686,0,1,8,1,0,0,1,0,0,9,0,NA,0,0,1,6,0,27,0,NA,NA,NA,NA,NA,NA,2597.09090909091,95.4545454545455,497.636363636364,21.4545454545455
2012,28,2012-07-08,2012-07-14,1,1,0,2,5,0,0,0,131,1,6,0,681,0,0,12,5,0,0,1,0,0,10,0,NA,0,0,1,2,1,17,0,NA,NA,NA,NA,NA,NA,2949.27272727273,102.545454545455,547.090909090909,16.1818181818182
2012,29,2012-07-15,2012-07-21,0,1,2,4,4,0,0,0,124,1,9,0,754,0,1,9,0,0,0,1,0,1,4,0,NA,0,0,0,3,0,25,0,NA,NA,NA,NA,NA,NA,3168.18181818182,97.8181818181818,544.909090909091,15.0909090909091
2012,30,2012-07-22,2012-07-28,0,1,0,2,0,0,0,0,110,0,2,0,868,0,0,7,1,0,0,0,0,2,11,0,NA,0,0,0,4,0,28,0,NA,NA,NA,NA,NA,NA,3214.36363636364,96.9090909090909,564.909090909091,18.3636363636364
2012,31,2012-07-29,2012-08-04,0,1,0,4,1,0,0,0,94,0,5,0,748,0,0,11,0,0,0,0,0,1,7,0,NA,0,0,0,2,0,39,0,NA,NA,NA,NA,NA,NA,2979.63636363636,100.545454545455,575.818181818182,16.3636363636364
2012,32,2012-08-05,2012-08-11,0,0,1,3,0,0,0,0,127,0,4,0,628,0,1,11,1,0,0,2,0,2,1,0,NA,0,0,0,6,0,28,0,NA,NA,NA,NA,NA,NA,2857.11111111111,108.222222222222,538.666666666667,16.4444444444444
2012,33,2012-08-12,2012-08-18,0,1,3,4,5,0,0,0,115,0,4,0,573,0,0,7,2,0,0,1,0,0,10,0,NA,2,0,0,4,0,33,0,NA,NA,NA,NA,NA,NA,2650,95.4545454545455,539.090909090909,13.4545454545455
2012,34,2012-08-19,2012-08-25,0,2,1,2,1,0,0,0,92,0,4,0,497,0,1,15,0,0,0,1,1,0,7,0,NA,2,0,1,3,0,25,0,NA,NA,NA,NA,NA,NA,2669.33333333333,108.888888888889,604.444444444444,18.8888888888889
2012,35,2012-08-26,2012-09-01,0,2,1,3,0,0,0,0,102,0,1,0,501,0,1,13,3,0,0,2,0,0,11,0,NA,0,0,0,5,0,42,0,NA,NA,NA,NA,NA,NA,2533.09090909091,93.6363636363636,511.636363636364,11.0909090909091
2012,36,2012-09-02,2012-09-08,0,1,0,3,1,0,0,0,75,1,1,0,540,0,0,7,0,0,0,1,0,0,9,0,NA,2,0,0,0,0,28,0,NA,NA,NA,NA,NA,NA,2342.72727272727,91.2727272727273,400.363636363636,14
2012,37,2012-09-09,2012-09-15,0,0,2,3,7,0,0,0,73,1,1,0,567,0,0,10,0,0,0,1,0,1,13,0,NA,0,0,0,3,0,38,0,NA,NA,NA,NA,NA,NA,2618.72727272727,102.727272727273,496.727272727273,13.2727272727273
2012,38,2012-09-16,2012-09-22,0,0,1,5,2,0,0,0,72,0,5,0,582,0,1,9,0,0,0,4,2,2,15,0,NA,1,0,0,4,0,37,0,NA,NA,NA,NA,NA,NA,2578.72727272727,91.6363636363636,499.636363636364,13.0909090909091
2012,39,2012-09-23,2012-09-29,0,1,0,4,2,0,0,0,99,1,4,0,482,0,2,7,1,0,0,1,2,0,10,0,NA,1,0,0,3,0,35,0,NA,NA,NA,NA,NA,NA,2516.54545454545,92.1818181818182,498.181818181818,14.5454545454545
2012,40,2012-09-30,2012-10-06,0,0,2,1,2,0,0,0,103,1,3,1,437,0,0,10,0,0,0,0,2,0,14,1,NA,2,0,0,4,0,31,0,NA,NA,NA,NA,NA,NA,2575.27272727273,87.6363636363636,520.363636363636,12.5454545454545
2012,41,2012-10-07,2012-10-13,0,0,1,4,2,0,0,0,122,1,3,1,376,0,0,7,0,0,0,2,1,0,12,0,NA,0,0,0,2,0,23,0,NA,NA,NA,NA,NA,NA,2637.81818181818,87.4545454545455,494,13.6363636363636
2012,42,2012-10-14,2012-10-20,0,1,1,1,1,0,0,0,105,0,5,2,341,0,0,5,1,0,0,3,0,0,10,0,NA,1,0,0,2,0,24,0,NA,NA,NA,NA,NA,NA,2694.54545454545,87.8181818181818,506.909090909091,12.9090909090909
2012,43,2012-10-21,2012-10-27,0,0,1,3,1,0,0,0,84,0,5,1,325,0,0,7,2,0,0,1,1,0,12,0,NA,2,0,0,2,0,26,0,NA,NA,NA,NA,NA,NA,2768.22222222222,89.7777777777778,521.777777777778,13.3333333333333
2012,44,2012-10-28,2012-11-03,0,0,0,2,1,0,0,0,104,0,1,1,265,0,2,11,2,0,0,1,1,0,13,0,NA,0,0,0,7,0,27,0,NA,NA,NA,NA,NA,NA,2604.54545454545,100.363636363636,486.181818181818,14.5454545454545
2012,45,2012-11-04,2012-11-10,0,0,3,3,3,0,0,0,99,1,1,0,237,0,3,11,2,0,0,0,0,0,10,0,NA,0,0,0,3,0,33,0,NA,NA,NA,NA,NA,NA,2577.63636363636,89.4545454545455,476.545454545455,11.4545454545455
2012,46,2012-11-11,2012-11-17,0,0,0,2,1,0,0,0,87,1,1,1,238,0,1,5,1,0,0,0,1,0,5,0,NA,0,0,1,1,0,32,0,NA,NA,NA,NA,NA,NA,2580.88888888889,90.6666666666667,538.222222222222,13.5555555555556
2012,47,2012-11-18,2012-11-24,0,0,0,2,2,0,0,0,99,1,1,0,283,0,1,6,0,0,0,1,1,5,8,0,NA,2,0,0,3,0,24,0,NA,NA,NA,NA,NA,NA,2504.18181818182,98.9090909090909,498.909090909091,11.4545454545455
2012,48,2012-11-25,2012-12-01,0,0,2,5,5,0,0,0,80,0,3,0,219,0,0,13,1,0,0,5,0,1,9,0,NA,0,0,0,6,0,35,0,NA,NA,NA,NA,NA,NA,2541.63636363636,92.9090909090909,483.636363636364,8.72727272727273
2012,49,2012-12-02,2012-12-08,0,1,2,0,0,0,0,0,78,0,3,3,217,0,0,7,2,0,0,1,0,0,9,0,NA,0,0,0,2,0,35,0,NA,NA,NA,NA,NA,NA,2680.72727272727,98.9090909090909,481.454545454545,10.3636363636364
2012,50,2012-12-09,2012-12-15,0,1,2,1,1,0,0,0,104,1,2,0,198,0,0,7,0,0,0,2,0,0,11,0,NA,1,0,0,3,0,23,0,NA,NA,NA,NA,NA,NA,2604.36363636364,93.6363636363636,469.090909090909,10.3636363636364
2012,51,2012-12-16,2012-12-22,0,0,3,1,3,0,0,0,92,2,0,3,185,0,0,2,0,0,0,2,3,1,9,0,NA,0,0,0,3,0,34,0,NA,NA,NA,NA,NA,NA,2497.27272727273,103.090909090909,418.909090909091,11.8181818181818
2012,52,2012-12-23,2012-12-29,0,0,0,5,1,0,0,0,111,1,5,0,154,0,0,3,0,0,0,2,0,0,3,0,NA,0,0,0,1,0,26,0,NA,NA,NA,NA,NA,NA,2812,112.75,473.25,13.5
2013,1,2012-12-30,2013-01-05,0,0,1,4,3,0,0,0,132,2,1,0,148,0,0,10,0,0,0,0,1,0,13,0,NA,4,0,1,7,0,26,0,NA,NA,NA,NA,NA,NA,3022,129.5,540.75,18.5
2013,2,2013-01-06,2013-01-12,0,1,3,1,3,0,0,0,204,1,1,1,191,0,1,13,1,0,0,0,2,1,15,0,NA,0,0,0,2,0,26,0,NA,NA,NA,NA,NA,NA,3119.81818181818,109.636363636364,595.636363636364,12
2013,3,2013-01-13,2013-01-19,0,2,4,2,0,0,0,0,219,0,1,1,171,0,0,14,1,0,0,1,1,0,5,0,NA,2,0,1,4,0,26,0,NA,NA,NA,NA,NA,NA,3132.90909090909,114.181818181818,568.727272727273,17.4545454545455
2013,4,2013-01-20,2013-01-26,0,3,4,0,1,0,0,0,264,3,0,1,172,0,0,13,2,0,0,1,1,2,5,0,NA,1,0,2,1,0,32,0,NA,NA,NA,NA,NA,NA,3190.36363636364,102,543.454545454545,14.3636363636364
2013,5,2013-01-27,2013-02-02,0,1,1,2,1,0,0,0,292,1,0,0,185,0,0,11,1,0,0,1,1,0,7,0,NA,0,0,0,5,0,30,0,NA,NA,NA,NA,NA,NA,3035.81818181818,102.181818181818,501.818181818182,17.2727272727273
2013,6,2013-02-03,2013-02-09,0,0,2,6,1,0,0,0,322,0,2,2,164,0,0,9,1,0,0,1,1,0,9,0,NA,1,1,0,2,0,28,0,NA,NA,NA,NA,NA,NA,2598.72727272727,94,475.454545454545,18.3636363636364
2013,7,2013-02-10,2013-02-16,0,1,2,1,1,0,0,0,246,1,0,0,181,0,0,3,2,0,0,0,1,0,5,0,NA,1,0,0,3,0,20,0,NA,NA,NA,NA,NA,NA,3032.85714285714,104.571428571429,572.571428571429,21.4285714285714
2013,8,2013-02-17,2013-02-23,0,0,1,1,2,0,0,0,294,2,1,0,265,0,0,8,1,0,0,1,2,0,13,0,NA,1,0,0,4,0,26,0,NA,NA,NA,NA,NA,NA,2941.63636363636,114.727272727273,510,15.4545454545455
2013,9,2013-02-24,2013-03-02,0,1,2,2,0,0,0,0,247,2,0,2,388,0,0,11,1,0,0,0,1,1,8,0,NA,0,0,0,1,0,32,0,NA,NA,NA,NA,NA,NA,2753.27272727273,110,468.727272727273,15.8181818181818
2013,10,2013-03-03,2013-03-09,0,0,1,0,2,0,0,0,272,1,1,14,478,0,0,10,2,0,0,0,1,0,7,0,NA,0,0,0,3,1,28,0,NA,NA,NA,NA,NA,NA,2712.90909090909,107.272727272727,474.545454545455,13.8181818181818
2013,11,2013-03-10,2013-03-16,0,0,1,1,3,0,0,0,307,1,2,1,465,0,0,9,0,0,0,0,0,1,7,0,NA,0,0,0,0,0,32,0,NA,NA,NA,NA,NA,NA,2499.81818181818,100.727272727273,464.727272727273,17.4545454545455
2013,12,2013-03-17,2013-03-23,0,0,0,1,1,0,0,0,305,2,1,3,351,0,0,11,0,0,0,2,0,0,4,0,NA,0,0,0,0,0,31,0,NA,NA,NA,NA,NA,NA,2148.18181818182,93.2727272727273,365.272727272727,13.0909090909091
2013,13,2013-03-24,2013-03-30,0,0,4,5,1,0,0,0,314,2,1,3,350,0,0,9,1,0,0,4,0,0,1,0,NA,2,0,0,8,0,22,0,NA,NA,NA,NA,NA,NA,2342.66666666667,118.444444444444,456,18
2013,14,2013-03-31,2013-04-06,0,2,1,1,1,0,0,0,402,4,3,6,438,0,1,11,1,0,0,1,1,0,8,0,NA,3,0,0,2,0,39,0,NA,NA,NA,NA,NA,NA,2395.09090909091,105.636363636364,454,14.7272727272727
2013,15,2013-04-07,2013-04-13,0,0,1,2,1,0,0,0,491,1,4,14,461,0,0,14,2,0,0,1,0,1,18,0,NA,0,0,0,1,0,32,0,NA,NA,NA,NA,NA,NA,2500.36363636364,103.454545454545,461.090909090909,14
2013,16,2013-04-14,2013-04-20,0,0,1,1,1,0,0,0,505,4,4,35,504,0,1,17,2,0,0,1,3,0,13,0,NA,0,0,0,2,0,30,0,NA,NA,NA,NA,NA,NA,2687.81818181818,94.5454545454545,458.909090909091,16.3636363636364
2013,17,2013-04-21,2013-04-27,0,1,1,4,2,0,0,0,536,2,2,24,572,0,0,15,0,0,0,1,0,0,7,0,NA,0,0,0,6,0,51,0,NA,NA,NA,NA,NA,NA,2699.45454545455,94.9090909090909,443.818181818182,13.4545454545455
2013,18,2013-04-28,2013-05-04,0,0,2,3,0,0,0,0,547,0,4,19,595,0,2,10,0,0,0,1,0,0,8,0,NA,0,0,0,6,0,25,0,NA,NA,NA,NA,NA,NA,2854,89.5555555555556,491.555555555556,20.6666666666667
2013,19,2013-05-05,2013-05-11,0,0,2,3,0,0,0,0,556,2,5,29,627,0,2,11,1,0,0,4,0,1,5,0,NA,0,0,0,0,0,30,0,NA,NA,NA,NA,NA,NA,2747.27272727273,91.0909090909091,478.363636363636,14.3636363636364
2013,20,2013-05-12,2013-05-18,0,1,4,2,3,0,0,0,611,0,2,28,697,0,1,10,1,0,0,2,0,0,8,0,NA,1,0,0,11,1,45,0,NA,NA,NA,NA,NA,NA,2518.90909090909,89.6363636363636,451.818181818182,18
2013,21,2013-05-19,2013-05-25,0,0,3,0,2,0,0,0,637,3,7,15,662,0,1,5,2,0,0,2,0,0,13,0,NA,0,0,0,2,0,27,0,NA,NA,NA,NA,NA,NA,2725.55555555556,90,451.555555555556,11.3333333333333
2013,22,2013-05-26,2013-06-01,0,1,1,0,1,0,0,0,742,4,1,31,774,0,0,10,0,0,0,2,1,0,4,0,NA,0,0,1,3,0,42,0,NA,NA,NA,NA,NA,NA,2733.45454545455,84.7272727272727,459.818181818182,12.5454545454545
2013,23,2013-06-02,2013-06-08,0,0,1,0,2,0,0,0,813,1,1,40,697,0,1,14,0,0,0,0,1,1,11,0,NA,1,0,0,3,0,51,0,NA,NA,NA,NA,NA,NA,2434.18181818182,75.6363636363636,403.272727272727,8.90909090909091
2013,24,2013-06-09,2013-06-15,0,0,5,3,2,0,0,0,805,4,5,39,736,0,0,6,2,0,0,2,1,0,2,0,NA,0,0,0,3,1,32,0,NA,NA,NA,NA,NA,NA,2330,79.6363636363636,377.818181818182,10
2013,25,2013-06-16,2013-06-22,0,0,1,0,4,0,0,0,838,4,0,45,581,0,0,10,1,0,0,0,0,0,6,0,NA,0,0,2,0,1,33,0,NA,NA,NA,NA,NA,NA,2754.72727272727,104,317.454545454545,12.9090909090909
2013,26,2013-06-23,2013-06-29,0,0,1,2,1,0,0,0,802,4,5,24,461,0,0,10,2,0,0,3,0,0,2,1,NA,3,0,0,4,1,32,0,NA,NA,NA,NA,NA,NA,2412.54545454545,90.5454545454545,371.636363636364,10.1818181818182
2013,27,2013-06-30,2013-07-06,0,0,3,4,0,0,0,0,676,2,1,26,441,0,0,16,1,0,0,2,0,0,7,0,NA,1,0,1,4,0,30,0,NA,NA,NA,NA,NA,NA,2368,88,501.272727272727,14.1818181818182
2013,28,2013-07-07,2013-07-13,0,0,1,1,1,0,0,0,540,1,0,26,482,0,0,12,0,0,0,0,1,1,7,0,NA,0,0,0,2,1,44,0,NA,NA,NA,NA,NA,NA,2370.54545454545,83.8181818181818,522.727272727273,14.9090909090909
2013,29,2013-07-14,2013-07-20,0,0,3,0,1,0,0,0,389,1,7,16,578,0,0,16,1,0,0,1,2,0,10,0,NA,1,1,0,1,0,32,0,NA,NA,NA,NA,NA,NA,2542.90909090909,88.1818181818182,543.636363636364,14.1818181818182
2013,30,2013-07-21,2013-07-27,0,0,2,2,0,0,0,0,305,1,3,20,590,0,1,7,2,0,0,1,1,1,8,1,NA,1,0,0,0,0,30,0,NA,NA,NA,NA,NA,NA,2423.09090909091,85.4545454545455,524.545454545455,14.5454545454545
2013,31,2013-07-28,2013-08-03,0,0,1,1,1,0,0,0,288,1,1,22,659,0,1,17,1,0,0,2,1,0,8,0,NA,1,0,0,4,1,30,0,NA,NA,NA,NA,NA,NA,2475.63636363636,91.4545454545455,543.818181818182,20.1818181818182
2013,32,2013-08-04,2013-08-10,0,1,0,1,0,0,0,0,255,1,7,7,577,0,0,13,0,0,0,0,1,1,7,0,NA,1,0,1,2,0,18,0,NA,NA,NA,NA,NA,NA,2426,91.1428571428571,547.428571428571,14.5714285714286
2013,33,2013-08-11,2013-08-17,0,0,1,2,2,0,0,0,378,0,5,26,743,0,0,9,1,0,0,1,1,1,3,0,NA,0,0,0,3,0,28,0,NA,NA,NA,NA,NA,NA,2699.81818181818,97.4545454545455,586.181818181818,18.3636363636364
2013,34,2013-08-18,2013-08-24,0,0,1,0,0,0,0,0,338,3,3,15,798,0,2,9,1,0,0,1,2,0,13,0,NA,1,0,2,3,0,21,0,NA,NA,NA,NA,NA,NA,2565.45454545455,99.8181818181818,546.909090909091,22.1818181818182
2013,35,2013-08-25,2013-08-31,0,0,3,0,0,0,0,0,382,4,2,38,887,0,3,12,0,0,0,1,1,0,4,0,NA,0,0,0,4,0,37,0,NA,NA,NA,NA,NA,NA,2379.63636363636,88,508.363636363636,16.3636363636364
2013,36,2013-09-01,2013-09-07,0,0,2,2,0,0,0,0,449,3,0,42,860,0,1,8,0,0,0,0,1,1,3,0,NA,0,0,1,2,0,38,0,NA,NA,NA,NA,NA,NA,2261.81818181818,92.3636363636364,454.727272727273,15.4545454545455
2013,37,2013-09-08,2013-09-14,0,1,3,0,0,0,0,0,337,2,3,39,960,0,2,4,0,0,0,1,0,1,8,0,NA,0,0,0,2,0,34,0,NA,NA,NA,NA,NA,NA,2210.72727272727,84.3636363636364,453.818181818182,14.7272727272727
2013,38,2013-09-15,2013-09-21,0,0,0,0,2,0,0,0,370,6,3,49,1062,0,0,7,1,0,0,0,0,1,11,0,NA,0,0,0,2,0,46,0,NA,NA,NA,NA,NA,NA,2373.09090909091,98.1818181818182,515.454545454545,24.7272727272727
2013,39,2013-09-22,2013-09-28,0,0,0,2,0,0,0,0,402,4,5,32,1108,0,6,2,1,0,0,1,0,0,6,0,NA,1,0,2,1,0,53,0,NA,NA,NA,NA,NA,NA,2179.81818181818,91.4545454545455,490.181818181818,20.3636363636364
2013,40,2013-09-29,2013-10-05,1,0,2,0,0,0,0,0,439,2,2,17,1077,0,0,4,2,0,0,2,0,0,5,0,NA,3,0,2,5,0,65,0,NA,NA,NA,NA,NA,NA,2300.72727272727,81.8181818181818,472.181818181818,21.4545454545455
2013,41,2013-10-06,2013-10-12,0,1,1,0,0,0,0,0,435,3,0,23,1247,0,2,9,2,0,0,1,0,0,10,0,NA,0,0,0,0,0,46,0,NA,NA,NA,NA,NA,NA,2429.09090909091,90.3636363636364,453.454545454545,17.2727272727273
2013,42,2013-10-13,2013-10-19,0,1,1,1,1,0,0,0,371,3,0,16,1147,0,2,4,0,0,0,2,1,0,0,0,NA,0,0,0,1,2,39,0,NA,NA,NA,NA,NA,NA,2429.11111111111,85.5555555555556,481.111111111111,21.1111111111111
2013,43,2013-10-20,2013-10-26,1,1,1,1,1,0,0,0,495,0,1,21,1029,0,3,3,1,0,0,0,0,1,9,0,NA,0,0,0,4,0,37,0,NA,NA,NA,NA,NA,NA,2400.72727272727,79.8181818181818,456.181818181818,18.1818181818182
2013,44,2013-10-27,2013-11-02,0,0,0,7,0,0,0,0,457,1,0,22,914,0,2,6,1,0,0,2,2,0,6,0,NA,1,0,0,4,0,27,0,NA,NA,NA,NA,NA,NA,2155.27272727273,76.7272727272727,397.454545454545,16.1818181818182
2013,45,2013-11-03,2013-11-09,0,1,0,2,0,0,0,0,401,1,2,31,1002,0,4,4,1,0,0,1,1,1,7,0,NA,1,0,0,3,1,46,0,NA,NA,NA,NA,NA,NA,3018.22222222222,96.6666666666667,514.666666666667,18.6666666666667
2013,46,2013-11-10,2013-11-16,0,0,1,3,0,0,0,0,442,2,1,23,849,0,0,10,1,0,0,1,0,0,12,0,NA,4,0,1,1,0,26,0,NA,NA,NA,NA,NA,NA,2494.18181818182,85.6363636363636,420,13.2727272727273
2013,47,2013-11-17,2013-11-23,0,0,1,1,3,0,0,0,365,0,2,36,740,0,1,11,1,0,0,2,1,0,8,0,NA,0,0,0,9,0,29,0,NA,NA,NA,NA,NA,NA,2576.18181818182,86.7272727272727,386.727272727273,16
2013,48,2013-11-24,2013-11-30,0,0,2,1,0,0,0,0,372,0,3,27,607,0,0,6,1,0,0,0,1,0,6,0,NA,0,0,0,3,0,45,0,NA,NA,NA,NA,NA,NA,2362.72727272727,79.4545454545455,397.636363636364,13.6363636363636
2013,49,2013-12-01,2013-12-07,0,0,1,4,2,0,0,0,347,0,1,32,628,0,1,9,2,0,0,1,2,3,8,0,NA,0,0,0,7,0,27,0,NA,NA,NA,NA,NA,NA,2526.18181818182,91.0909090909091,423.090909090909,11.0909090909091
2013,50,2013-12-08,2013-12-14,0,0,0,6,1,0,0,0,380,1,1,23,575,0,0,4,0,0,0,0,0,2,8,0,NA,0,1,0,4,0,33,0,NA,NA,NA,NA,NA,NA,2508.90909090909,76.1818181818182,396,10.3636363636364
2013,51,2013-12-15,2013-12-21,0,2,1,0,0,0,0,0,371,0,1,33,542,0,2,10,0,0,0,2,0,0,14,0,NA,0,0,0,4,0,28,0,NA,NA,NA,NA,NA,NA,2457.63636363636,74,369.090909090909,8.36363636363636
2013,52,2013-12-22,2013-12-28,0,1,3,0,1,0,0,0,414,0,3,20,363,0,3,9,0,0,0,1,0,2,6,0,NA,1,0,0,4,0,20,0,NA,NA,NA,NA,NA,NA,2604.5,88,420.25,15.75
2014,1,2013-12-29,2014-01-04,0,0,4,1,2,0,0,0,436,1,1,19,345,0,5,7,0,0,0,0,0,0,10,0,NA,1,0,0,3,0,22,0,NA,NA,NA,NA,NA,NA,2765.5,95.5,475.75,18.75
2014,2,2014-01-05,2014-01-11,0,0,0,4,0,0,0,0,479,NA,1,29,346,0,2,14,0,0,0,2,2,2,10,0,NA,0,0,1,0,0,38,0,NA,NA,NA,NA,NA,NA,2804.72727272727,92.3636363636364,489.818181818182,12.7272727272727
2014,3,2014-01-12,2014-01-18,0,0,2,5,0,0,0,0,401,NA,2,20,387,0,15,14,0,0,0,0,0,1,5,0,NA,1,0,1,3,0,27,0,NA,NA,NA,NA,NA,NA,3124.36363636364,100,518.545454545455,14.5454545454545
2014,4,2014-01-19,2014-01-25,0,0,2,2,1,0,0,0,336,NA,1,17,366,0,8,10,2,0,0,1,1,0,5,0,NA,0,0,0,3,1,32,0,NA,NA,NA,NA,NA,NA,3288.36363636364,103.818181818182,470.545454545455,15.0909090909091
2014,5,2014-01-26,2014-02-01,0,1,1,2,0,0,0,0,234,NA,0,13,214,0,3,5,0,0,0,1,0,1,10,0,NA,0,0,0,3,0,25,0,NA,NA,NA,NA,NA,NA,3242,101.714285714286,478.857142857143,14
2014,6,2014-02-02,2014-02-08,0,1,0,3,0,0,0,0,273,1,0,9,312,0,7,12,0,0,0,1,2,0,8,0,NA,1,1,0,4,0,26,0,NA,NA,NA,NA,NA,NA,3200.36363636364,114.181818181818,489.636363636364,17.8181818181818
2014,7,2014-02-09,2014-02-15,0,0,1,3,1,0,0,0,369,NA,0,9,329,0,6,10,0,0,0,0,3,0,5,1,NA,0,0,0,3,1,30,0,NA,NA,NA,NA,NA,NA,2792.90909090909,100,524.181818181818,18.7272727272727
2014,8,2014-02-16,2014-02-22,0,0,0,2,1,0,0,0,193,1,0,12,371,0,8,11,2,0,0,0,1,1,9,0,NA,0,0,0,2,0,21,0,NA,NA,NA,NA,NA,NA,2590.36363636364,104,460.909090909091,17.4545454545455
2014,9,2014-02-23,2014-03-01,0,0,2,2,1,0,0,0,186,1,0,3,331,0,8,14,0,0,0,3,1,2,12,0,NA,0,0,0,4,1,23,0,NA,NA,NA,NA,NA,NA,2575.63636363636,100,423.636363636364,19.8181818181818
2014,10,2014-03-02,2014-03-08,0,1,4,1,1,0,0,0,209,1,0,3,321,0,5,2,0,0,0,0,0,0,3,0,NA,1,0,0,5,0,22,0,NA,NA,NA,NA,NA,NA,2473.45454545455,99.4545454545455,451.636363636364,17.4545454545455
2014,11,2014-03-09,2014-03-15,0,2,1,0,1,0,0,0,224,1,1,5,309,0,5,12,1,0,0,1,0,0,11,0,NA,0,1,0,2,0,36,0,NA,NA,NA,NA,NA,NA,2493.09090909091,98,406,18
2014,12,2014-03-16,2014-03-22,0,1,1,2,1,0,0,0,210,NA,2,2,247,0,3,7,0,0,0,3,1,0,11,1,NA,0,0,0,0,0,40,0,NA,NA,NA,NA,NA,NA,2003.45454545455,71.6363636363636,359.454545454545,12.1818181818182
2014,13,2014-03-23,2014-03-29,0,0,2,1,1,0,0,0,225,NA,3,1,312,0,2,18,3,0,0,3,0,2,10,2,NA,0,1,0,2,0,42,0,NA,NA,NA,NA,NA,NA,2197.81818181818,83.4545454545455,451.636363636364,15
2014,14,2014-03-30,2014-04-05,0,0,2,1,3,0,0,0,240,NA,0,1,341,0,3,9,0,0,0,3,0,0,14,0,NA,0,0,1,3,0,44,0,NA,NA,NA,NA,NA,NA,2059.27272727273,74.3636363636364,424,18.7272727272727
2014,15,2014-04-06,2014-04-12,0,0,1,1,2,0,0,0,244,1,0,1,312,0,3,17,0,0,0,4,1,1,6,1,NA,0,0,0,2,0,41,0,NA,NA,NA,NA,NA,NA,2248.18181818182,80.9090909090909,451.454545454545,15.2727272727273
2014,16,2014-04-13,2014-04-19,0,1,0,2,2,0,0,0,235,NA,4,2,348,0,1,6,3,0,0,1,1,1,6,3,NA,1,0,1,2,0,40,0,NA,NA,NA,NA,NA,NA,2366.66666666667,85.1111111111111,443.111111111111,16.2222222222222
2014,17,2014-04-20,2014-04-26,0,3,2,3,3,0,0,0,282,NA,3,2,480,0,8,12,1,0,0,1,0,0,19,5,NA,0,0,1,0,0,42,0,NA,NA,NA,NA,NA,NA,2587.63636363636,84,479.090909090909,19.4545454545455
2014,18,2014-04-27,2014-05-03,0,0,2,1,0,0,0,0,251,NA,1,1,557,0,7,9,0,0,0,0,2,0,14,2,NA,1,1,0,2,0,50,0,NA,NA,NA,NA,NA,NA,2600.66666666667,80.8888888888889,556.222222222222,16.6666666666667
2014,19,2014-05-04,2014-05-10,0,0,1,1,0,0,0,0,261,NA,0,1,628,0,3,4,0,0,0,3,1,0,15,1,NA,3,0,1,2,0,47,0,NA,NA,NA,NA,NA,NA,2522,79.4545454545455,468.727272727273,16.1818181818182
2014,20,2014-05-11,2014-05-17,0,1,4,2,3,0,0,0,291,NA,1,4,663,0,3,10,0,0,0,4,0,1,13,0,NA,0,0,3,1,1,38,0,NA,NA,NA,NA,NA,NA,2630.22222222222,75.5555555555556,477.111111111111,22.4444444444444
2014,21,2014-05-18,2014-05-24,0,0,1,1,0,0,0,0,427,1,0,1,683,0,3,6,0,0,0,2,0,1,11,0,NA,1,0,0,2,0,56,0,NA,NA,NA,NA,NA,NA,2754,73.4545454545455,476.727272727273,16.7272727272727
2014,22,2014-05-25,2014-05-31,0,1,2,1,2,0,0,0,456,NA,1,1,793,0,1,6,0,0,0,1,1,1,13,1,NA,4,0,1,2,0,55,0,NA,NA,NA,NA,NA,NA,2649.09090909091,73.0909090909091,454.181818181818,17.0909090909091
2014,23,2014-06-01,2014-06-07,0,0,0,0,0,0,0,0,458,1,2,3,689,0,1,8,1,0,0,4,1,1,10,0,NA,0,0,1,3,0,47,0,NA,NA,NA,NA,NA,NA,2511.81818181818,75.6363636363636,434.545454545455,12
2014,24,2014-06-08,2014-06-14,0,1,1,0,3,0,0,0,506,NA,1,3,521,0,1,7,0,0,0,3,1,2,11,0,NA,0,0,0,2,0,41,0,NA,NA,NA,NA,NA,NA,2448,79.2727272727273,424.363636363636,13.2727272727273
2014,25,2014-06-15,2014-06-21,1,1,2,2,2,0,0,0,550,1,3,2,473,0,0,8,1,0,0,1,0,0,7,1,NA,1,0,1,0,0,47,0,NA,NA,NA,NA,NA,NA,2381.63636363636,74,411.272727272727,13.6363636363636
2014,26,2014-06-22,2014-06-28,0,0,0,0,1,0,0,0,671,NA,2,1,431,0,3,7,1,0,0,0,0,3,4,1,NA,1,0,0,4,0,50,0,NA,NA,NA,NA,NA,NA,2292.36363636364,67.2727272727273,430,10.7272727272727
2014,27,2014-06-29,2014-07-05,0,0,2,2,0,0,0,0,888,3,1,1,369,0,2,7,1,0,0,4,0,1,9,0,NA,0,1,0,3,0,40,0,NA,NA,NA,NA,NA,NA,2496.18181818182,77.0909090909091,495.272727272727,16
2014,28,2014-07-06,2014-07-12,0,1,2,0,2,0,0,0,818,1,3,2,430,0,4,5,0,0,0,3,1,0,10,2,NA,2,0,0,4,0,46,0,NA,NA,NA,NA,NA,NA,2628.72727272727,93.2727272727273,552.727272727273,13.6363636363636
2014,29,2014-07-13,2014-07-19,0,0,1,1,3,0,0,0,744,2,1,0,426,0,3,11,1,0,0,2,2,1,6,1,NA,1,0,0,1,0,38,0,NA,NA,NA,NA,NA,NA,2768.72727272727,97.6363636363636,559.090909090909,13.0909090909091
2014,30,2014-07-20,2014-07-26,0,0,0,1,0,0,0,0,633,1,1,2,393,0,3,11,0,0,0,1,1,0,7,3,NA,1,0,1,2,0,35,0,NA,NA,NA,NA,NA,NA,2664.54545454545,87.6363636363636,532,12.9090909090909
2014,31,2014-07-27,2014-08-02,0,0,2,1,3,0,0,0,484,NA,1,1,338,0,0,9,1,0,0,5,0,2,5,3,NA,1,0,1,2,0,42,0,NA,NA,NA,NA,NA,NA,2646.88888888889,101.111111111111,652.222222222222,15.5555555555556
2014,32,2014-08-03,2014-08-09,0,0,1,3,4,0,0,0,545,NA,1,0,422,0,4,10,0,0,0,4,0,0,14,2,NA,1,0,0,2,0,35,0,NA,NA,NA,NA,NA,NA,2682.8,120.6,562.8,14.5714285714286
2014,33,2014-08-10,2014-08-16,0,1,0,3,0,0,0,0,438,NA,4,3,446,0,2,8,0,0,0,1,1,0,4,1,NA,1,0,0,4,0,40,0,NA,NA,NA,NA,NA,NA,2653.63636363636,103.636363636364,513.090909090909,14.5454545454545
2014,34,2014-08-17,2014-08-23,0,0,0,2,4,0,0,0,418,NA,1,0,464,0,3,11,0,0,0,0,1,1,8,2,NA,0,0,0,6,1,34,0,NA,NA,NA,NA,NA,NA,2690.90909090909,140.363636363636,521.272727272727,12
2014,35,2014-08-24,2014-08-30,0,0,0,1,4,0,0,0,367,NA,0,2,523,0,3,12,1,0,0,2,2,0,8,0,NA,2,0,1,2,0,36,0,NA,NA,NA,NA,NA,NA,2575.81818181818,154.909090909091,525.090909090909,14.1818181818182
2014,36,2014-08-31,2014-09-06,0,0,1,4,2,0,0,0,339,NA,1,1,523,0,0,6,0,0,0,3,0,1,7,2,NA,0,1,0,2,1,29,0,NA,NA,NA,NA,NA,NA,2517.45454545455,167.818181818182,485.272727272727,14.3636363636364
2014,37,2014-09-07,2014-09-13,0,1,0,1,0,0,0,0,362,NA,2,0,377,0,0,11,1,0,0,3,2,1,7,1,NA,2,0,0,5,0,44,0,NA,NA,NA,NA,NA,NA,2244.18181818182,126.909090909091,425.454545454545,12.3636363636364
2014,38,2014-09-14,2014-09-20,0,0,1,2,0,0,0,0,396,1,1,0,502,0,0,7,2,0,0,0,0,1,2,1,NA,0,1,0,2,0,37,0,NA,NA,NA,NA,NA,NA,2283.09090909091,132.181818181818,484.181818181818,13.2727272727273
2014,39,2014-09-21,2014-09-27,0,1,2,1,1,0,0,0,344,1,0,1,488,0,0,14,0,0,0,1,1,0,9,1,NA,1,0,0,7,0,41,0,NA,NA,NA,NA,NA,NA,2099.09090909091,121.090909090909,451.818181818182,14.7272727272727
2014,40,2014-09-28,2014-10-04,0,0,0,0,2,0,0,0,339,NA,2,1,512,0,0,7,0,0,0,4,0,0,4,1,NA,1,0,2,2,0,39,0,NA,NA,NA,NA,NA,NA,1839.45454545455,98.7272727272727,437.272727272727,10.3636363636364
2014,41,2014-10-05,2014-10-11,1,0,1,1,1,0,0,0,278,NA,2,0,382,0,0,11,0,0,0,1,1,0,3,4,NA,0,0,0,2,0,29,0,NA,NA,NA,NA,NA,NA,2043.33333333333,107.777777777778,514.222222222222,10.8888888888889
2014,42,2014-10-12,2014-10-18,0,0,1,1,0,0,0,0,297,NA,1,1,385,0,0,12,0,0,0,2,1,3,12,3,NA,2,0,0,3,0,42,0,NA,NA,NA,NA,NA,NA,1947.09090909091,88.7272727272727,465.090909090909,8.36363636363636
2014,43,2014-10-19,2014-10-25,0,0,0,1,1,0,0,0,213,NA,1,1,364,0,0,6,0,0,0,1,1,0,8,2,NA,0,0,2,3,0,35,0,NA,NA,NA,NA,NA,NA,2048.66666666667,84.4444444444444,497.333333333333,15.3333333333333
2014,44,2014-10-26,2014-11-01,0,0,0,2,3,0,0,0,186,NA,1,0,377,0,1,7,0,0,0,10,1,1,4,1,NA,1,0,0,4,0,32,0,NA,NA,NA,NA,NA,NA,2005.63636363636,85.4545454545455,436.363636363636,12
2014,45,2014-11-02,2014-11-08,0,0,0,0,1,0,0,0,168,1,4,0,400,0,0,7,1,0,0,4,1,0,8,2,NA,0,0,0,3,0,37,0,NA,NA,NA,NA,NA,NA,2081.81818181818,80.5454545454545,422.181818181818,12.5454545454545
2014,46,2014-11-09,2014-11-15,0,0,1,1,1,0,0,0,158,NA,1,0,359,0,0,8,0,0,0,3,0,2,4,0,NA,0,0,0,2,0,42,0,NA,NA,NA,NA,NA,NA,2140.18181818182,78.7272727272727,410.727272727273,14.1818181818182
2014,47,2014-11-16,2014-11-22,0,1,1,1,1,0,0,0,149,NA,0,1,357,0,0,14,0,0,0,3,0,1,4,0,NA,0,0,0,8,0,34,0,NA,NA,NA,NA,NA,NA,2225.63636363636,78.9090909090909,404.727272727273,10.7272727272727
2014,48,2014-11-23,2014-11-29,0,0,1,1,2,0,0,0,162,NA,0,1,356,0,0,5,1,0,0,0,0,0,8,0,NA,2,1,0,1,0,24,0,NA,NA,NA,NA,NA,NA,2204,78.9090909090909,391.454545454545,10.7272727272727
2014,49,2014-11-30,2014-12-06,0,0,0,0,5,0,0,0,212,NA,1,1,302,0,0,8,0,0,0,0,1,1,8,0,NA,0,0,0,0,0,29,0,NA,NA,NA,NA,NA,NA,2235.27272727273,79.2727272727273,419.636363636364,11.2727272727273
2014,50,2014-12-07,2014-12-13,0,0,2,0,1,0,0,0,177,NA,1,1,371,0,1,5,0,0,0,2,1,0,9,0,NA,0,1,2,5,0,22,0,NA,NA,NA,NA,NA,NA,2314.54545454545,77.2727272727273,418.181818181818,11.6363636363636
2014,51,2014-12-14,2014-12-20,0,0,0,1,0,0,0,0,198,NA,0,0,439,0,0,10,0,0,0,2,0,1,3,2,NA,1,1,0,4,0,27,0,NA,NA,NA,NA,NA,NA,2177.45454545455,78.9090909090909,410,11.6363636363636
2014,52,2014-12-21,2014-12-27,0,0,0,2,1,0,0,0,188,NA,1,0,398,0,1,7,0,0,0,0,0,1,5,0,NA,1,0,0,5,0,27,0,NA,NA,NA,NA,NA,NA,2406.75,89.5,410.25,14.25
2014,53,2014-12-28,2015-01-03,0,0,2,1,2,0,0,0,158,NA,1,0,375,0,1,6,0,0,0,1,0,0,8,2,NA,1,0,0,3,0,29,0,NA,NA,NA,NA,NA,NA,2731.75,90.25,475.5,19
2015,1,2015-01-04,2015-01-10,0,2,1,0,0,0,0,0,256,1,1,2,422,0,0,8,1,0,0,2,1,0,12,1,NA,2,0,2,3,0,44,0,NA,NA,NA,NA,NA,NA,2822.36363636364,106.727272727273,508.727272727273,13.0909090909091
2015,2,2015-01-11,2015-01-17,0,1,2,1,0,0,0,0,228,0,0,1,554,0,0,10,0,0,0,0,2,1,9,0,NA,1,1,2,3,0,40,0,NA,NA,NA,NA,NA,NA,2921.45454545455,103.636363636364,513.818181818182,15.6363636363636
2015,3,2015-01-18,2015-01-24,0,0,2,5,1,0,0,0,237,0,0,0,492,0,0,9,0,0,0,0,0,0,9,0,NA,1,0,1,2,0,30,0,NA,NA,NA,NA,NA,NA,3034.54545454545,98.5454545454545,508,17.0909090909091
2015,4,2015-01-25,2015-01-31,0,0,4,0,2,0,0,0,259,0,0,1,502,0,0,10,0,0,0,0,2,1,10,0,NA,0,0,2,2,0,21,0,NA,NA,NA,NA,NA,NA,2917.63636363636,107.090909090909,442,14.3636363636364
2015,5,2015-02-01,2015-02-07,0,0,1,1,1,0,0,0,212,0,0,2,492,0,2,12,0,0,0,0,0,0,4,0,NA,1,0,2,3,0,22,0,NA,NA,NA,NA,NA,NA,2930.72727272727,90.3636363636364,474,18.5454545454545
2015,6,2015-02-08,2015-02-14,0,0,1,3,1,0,0,0,173,0,1,0,690,0,0,11,1,0,0,2,0,1,5,2,NA,0,0,1,2,0,31,0,NA,NA,NA,NA,NA,NA,2997.45454545455,90.7272727272727,465.090909090909,13.6363636363636
2015,7,2015-02-15,2015-02-21,0,0,1,1,1,0,0,0,99,1,0,1,417,0,1,9,1,0,0,0,0,0,11,0,NA,1,0,1,3,0,24,0,NA,NA,NA,NA,NA,NA,2958.66666666667,96.3333333333333,413.666666666667,23
2015,8,2015-02-22,2015-02-28,0,1,0,2,0,0,0,0,172,0,0,0,573,0,2,11,0,0,0,2,2,1,17,0,NA,2,0,1,5,0,30,0,NA,NA,NA,NA,NA,NA,2821.45454545455,94.1818181818182,516.909090909091,20.1818181818182
2015,9,2015-03-01,2015-03-07,0,1,0,0,0,0,0,0,189,1,0,0,645,0,0,2,0,0,0,2,0,0,8,0,NA,1,0,0,1,0,31,0,NA,NA,NA,NA,NA,NA,2589.81818181818,95.6363636363636,494,14
2015,10,2015-03-08,2015-03-14,0,1,1,0,1,0,0,0,110,0,1,0,609,0,0,6,0,0,0,3,0,1,5,0,NA,0,0,1,2,0,27,0,NA,NA,NA,NA,NA,NA,2512.54545454545,86,480.545454545455,18.7272727272727
2015,11,2015-03-15,2015-03-21,0,4,2,0,0,0,0,0,91,0,1,1,556,0,0,8,1,0,0,1,0,1,7,1,NA,0,0,1,1,0,27,0,NA,NA,NA,NA,NA,NA,2287.63636363636,81.8181818181818,404.909090909091,18.3636363636364
2015,12,2015-03-22,2015-03-28,0,1,1,0,3,0,0,0,129,1,0,0,558,0,0,5,0,0,0,3,0,0,4,0,NA,1,0,2,0,0,42,0,NA,NA,NA,NA,NA,NA,2400.54545454545,83.4545454545455,448.363636363636,15.2727272727273
2015,13,2015-03-29,2015-04-04,0,1,0,1,0,0,0,0,90,1,0,1,463,0,0,15,0,0,0,1,0,1,13,0,NA,2,0,0,1,0,31,0,NA,NA,NA,NA,NA,NA,2340.66666666667,75.1111111111111,416.444444444444,14.4444444444444
2015,14,2015-04-05,2015-04-11,0,0,0,0,0,0,0,0,107,0,5,0,537,0,3,12,1,0,0,0,1,0,1,0,NA,1,0,1,4,0,37,0,NA,NA,NA,NA,NA,NA,2366.36363636364,84,462.545454545455,13.6363636363636
2015,15,2015-04-12,2015-04-18,0,1,0,0,2,0,0,0,137,0,0,1,633,0,4,11,0,0,0,0,1,1,9,0,NA,0,0,1,2,0,34,0,NA,NA,NA,NA,NA,NA,2469.45454545455,92,496.909090909091,14.7272727272727
2015,16,2015-04-19,2015-04-25,0,2,1,1,2,0,0,0,113,0,1,2,693,0,2,13,0,0,0,2,1,1,14,0,NA,1,0,1,0,0,40,0,NA,NA,NA,NA,NA,NA,2534.18181818182,84.9090909090909,479.818181818182,13.0909090909091
2015,17,2015-04-26,2015-05-02,0,0,1,0,1,0,0,0,120,0,1,0,721,0,1,6,1,0,0,3,0,0,8,1,NA,0,0,2,2,0,29,0,NA,NA,NA,NA,NA,NA,2645.33333333333,77.5555555555556,468.222222222222,14.6666666666667
2015,18,2015-05-03,2015-05-09,0,0,2,0,2,0,0,0,135,0,1,1,778,0,0,12,0,0,0,1,1,0,5,0,NA,1,0,0,4,0,31,0,NA,NA,NA,NA,NA,NA,2882.36363636364,86.9090909090909,515.272727272727,12.9090909090909
2015,19,2015-05-10,2015-05-16,0,0,2,0,1,0,0,0,157,1,1,0,782,0,1,12,1,0,0,2,0,1,8,0,NA,0,0,2,2,0,24,0,NA,NA,NA,NA,NA,NA,2756.90909090909,79.2727272727273,481.636363636364,20.7272727272727
2015,20,2015-05-17,2015-05-23,0,0,1,2,0,0,0,0,109,0,0,0,855,0,1,9,0,0,0,2,0,0,9,0,NA,0,0,0,6,0,36,0,NA,NA,NA,NA,NA,NA,2828.18181818182,81.6363636363636,495.090909090909,19.6363636363636
2015,21,2015-05-24,2015-05-30,0,0,1,1,2,0,0,0,178,2,1,2,1004,0,1,11,1,0,0,1,3,0,9,0,NA,1,0,0,2,0,36,0,NA,NA,NA,NA,NA,NA,3000.90909090909,93.6363636363636,492.181818181818,15.6363636363636
2015,22,2015-05-31,2015-06-06,0,0,0,0,1,0,0,0,151,1,1,1,721,0,0,9,1,0,0,1,0,0,7,0,NA,0,0,0,4,0,42,0,NA,NA,NA,NA,NA,NA,2843.55555555556,79.5555555555556,421.777777777778,13.3333333333333
2015,23,2015-06-07,2015-06-13,0,0,1,1,1,0,0,0,192,1,1,0,540,0,1,9,0,0,0,1,1,0,2,0,NA,3,0,0,2,0,26,0,NA,NA,NA,NA,NA,NA,2636.54545454545,79.2727272727273,421.818181818182,12
2015,24,2015-06-14,2015-06-20,0,2,2,1,0,0,0,0,207,0,1,1,541,0,1,13,0,0,0,0,0,1,5,0,NA,4,1,1,1,0,44,0,NA,NA,NA,NA,NA,NA,2630.90909090909,64.9090909090909,399.454545454545,10.1818181818182
2015,25,2015-06-21,2015-06-27,0,0,1,0,1,0,0,0,240,0,3,0,578,0,0,15,0,0,0,2,0,0,9,0,NA,0,0,2,5,0,39,0,NA,NA,NA,NA,NA,NA,2651.45454545455,68.5454545454545,442.181818181818,12
2015,26,2015-06-28,2015-07-04,0,1,0,3,1,0,0,0,242,0,0,0,455,0,1,10,1,0,0,0,0,0,7,1,NA,2,1,1,1,0,41,0,NA,NA,NA,NA,NA,NA,2318.72727272727,80.5454545454545,493.090909090909,11.2727272727273
2015,27,2015-07-05,2015-07-11,0,0,0,4,0,0,0,0,272,0,2,0,430,0,5,4,0,0,0,1,0,1,7,0,NA,0,0,2,5,0,23,0,NA,NA,NA,NA,NA,NA,2356.90909090909,82.7272727272727,530,13.4545454545455
2015,28,2015-07-12,2015-07-18,0,0,2,0,0,0,0,0,263,0,2,1,385,0,0,10,0,0,0,2,0,0,6,2,NA,0,0,0,4,0,41,0,NA,NA,NA,NA,NA,NA,2317.77777777778,68.4444444444444,554,11.7777777777778
2015,29,2015-07-19,2015-07-25,0,0,0,0,1,0,0,0,293,0,1,3,448,0,2,16,0,0,0,3,1,0,6,2,NA,0,0,3,3,0,43,0,NA,NA,NA,NA,NA,NA,2454.90909090909,70.3636363636364,554.909090909091,10.5454545454545
2015,30,2015-07-26,2015-08-01,0,0,0,0,2,0,0,0,250,0,2,0,438,0,0,5,0,0,0,0,0,0,7,0,NA,1,1,0,6,0,30,0,NA,NA,NA,NA,NA,NA,2391.63636363636,76.3636363636364,509.636363636364,8.72727272727273
2015,31,2015-08-02,2015-08-08,0,0,1,1,3,0,0,0,226,0,2,3,367,0,1,6,0,0,0,0,1,0,10,0,NA,1,0,1,2,0,36,0,NA,NA,NA,NA,NA,NA,2475.11111111111,74.4444444444444,515.555555555556,13.1111111111111
2015,32,2015-08-09,2015-08-15,0,0,1,4,0,0,0,0,221,0,1,1,478,0,0,7,0,0,0,0,1,0,7,0,NA,0,0,0,4,1,41,0,NA,NA,NA,NA,NA,NA,2880.44444444444,76,576,13.3333333333333
2015,33,2015-08-16,2015-08-22,0,2,0,0,1,0,0,0,250,0,2,2,554,0,2,10,0,0,0,2,0,0,8,0,NA,1,0,1,3,0,44,0,NA,NA,NA,NA,NA,NA,2810.36363636364,77.8181818181818,516.727272727273,15.4545454545455
2015,34,2015-08-23,2015-08-29,1,0,2,0,1,0,0,0,225,0,1,0,533,0,0,10,0,0,0,0,1,0,8,0,NA,1,0,1,5,0,50,0,NA,NA,NA,NA,NA,NA,2625.27272727273,80,476.909090909091,17.2727272727273
2015,35,2015-08-30,2015-09-05,0,0,0,5,0,0,0,0,246,0,0,0,483,0,0,9,1,0,0,0,1,0,11,0,NA,0,0,0,3,0,58,0,NA,NA,NA,NA,NA,NA,2422.72727272727,74.5454545454545,439.090909090909,12
2015,36,2015-09-06,2015-09-12,0,0,1,1,1,0,0,0,217,0,3,1,407,0,0,7,0,0,0,1,0,0,9,1,NA,0,0,3,5,0,42,0,NA,NA,NA,NA,NA,NA,2280,83.5555555555556,396,14.8888888888889
2015,37,2015-09-13,2015-09-19,0,0,1,2,1,0,0,0,303,0,1,0,414,0,2,14,0,0,0,0,2,0,7,0,NA,1,0,0,5,0,43,0,NA,NA,NA,NA,NA,NA,2820.54545454545,95.4545454545455,412.909090909091,13.8181818181818
2015,38,2015-09-20,2015-09-26,0,1,0,1,0,0,0,0,214,0,1,1,403,0,1,2,0,0,0,4,1,0,11,1,NA,2,0,0,1,0,41,0,NA,NA,NA,NA,NA,NA,2738.44444444444,97.1111111111111,429.777777777778,15.7777777777778
2015,39,2015-09-27,2015-10-03,0,0,1,0,1,0,0,0,257,0,2,3,441,0,1,12,0,0,0,0,1,0,5,0,NA,1,0,3,1,1,39,0,NA,NA,NA,NA,NA,NA,2928.72727272727,101.272727272727,395.090909090909,14
2015,40,2015-10-04,2015-10-10,0,0,1,0,1,0,0,0,235,0,1,1,431,0,0,8,1,0,0,1,0,0,6,24,NA,1,0,1,0,0,47,0,NA,NA,NA,NA,NA,NA,2619.09090909091,83.8181818181818,433.454545454545,13.8181818181818
2015,41,2015-10-11,2015-10-17,0,0,0,0,1,0,0,0,235,0,1,4,585,0,1,8,0,0,0,2,0,1,4,2,NA,2,0,0,2,0,42,0,NA,NA,NA,NA,NA,NA,2529.09090909091,75.4545454545455,443.454545454545,12.5454545454545
2015,42,2015-10-18,2015-10-24,0,1,1,1,4,0,0,0,224,0,0,1,477,0,1,6,0,0,0,0,1,1,10,3,NA,1,0,2,3,0,51,0,NA,NA,NA,NA,NA,NA,2611.81818181818,80.7272727272727,452,12.3636363636364
2015,43,2015-10-25,2015-10-31,1,1,3,1,3,0,0,0,246,0,1,0,438,0,1,12,2,0,0,0,0,0,10,1,NA,0,0,1,4,0,39,0,NA,NA,NA,NA,NA,NA,2587.63636363636,88.1818181818182,432,13.4545454545455
2015,44,2015-11-01,2015-11-07,0,1,1,1,3,0,0,0,266,0,0,2,502,0,0,6,0,0,0,7,2,0,9,1,NA,0,0,2,1,0,40,0,NA,NA,NA,NA,NA,NA,2532.72727272727,74.7272727272727,452.727272727273,13.8181818181818
2015,45,2015-11-08,2015-11-14,0,0,0,1,1,0,0,0,198,0,0,1,523,0,0,9,0,0,0,2,0,0,8,1,NA,0,1,1,0,0,58,0,NA,NA,NA,NA,NA,NA,2720.66666666667,70.8888888888889,519.111111111111,17.3333333333333
2015,46,2015-11-15,2015-11-21,0,0,0,2,2,0,0,0,254,0,0,0,600,0,0,10,0,0,0,1,1,0,10,0,NA,1,1,0,2,1,52,0,NA,NA,NA,NA,NA,NA,2672.54545454545,70.1818181818182,459.818181818182,11.4545454545455
2015,47,2015-11-22,2015-11-28,1,0,0,0,3,0,0,0,285,1,4,1,610,0,2,10,0,0,0,1,0,0,6,1,NA,0,0,3,2,0,48,0,NA,NA,NA,NA,NA,NA,2488.36363636364,65.4545454545455,454.909090909091,12.7272727272727
2015,48,2015-11-29,2015-12-05,0,0,0,2,2,0,0,0,259,0,1,1,533,0,0,8,0,0,0,0,0,1,8,0,NA,0,0,2,8,0,46,0,NA,NA,NA,NA,NA,NA,2454.90909090909,67.6363636363636,446.727272727273,7.45454545454545
2015,49,2015-12-06,2015-12-12,0,1,1,0,0,0,0,0,356,1,0,0,568,0,0,6,1,0,0,1,1,1,9,0,NA,0,0,2,1,0,41,0,NA,NA,NA,NA,NA,NA,2319.45454545455,76.3636363636364,438.363636363636,8.72727272727273
2015,50,2015-12-13,2015-12-19,0,0,1,1,2,0,0,0,333,0,0,0,548,0,0,3,1,0,0,0,0,0,16,1,NA,1,0,2,0,0,48,0,NA,NA,NA,NA,NA,NA,2303.63636363636,76.5454545454545,428.545454545455,9.63636363636364
2015,51,2015-12-20,2015-12-26,0,0,3,0,3,0,0,0,372,0,1,0,432,0,1,11,0,0,0,2,1,0,7,0,NA,2,0,0,2,0,58,0,NA,NA,NA,NA,NA,NA,2413.75,88.75,436,15
2015,52,2015-12-27,2016-01-02,0,1,0,0,3,0,0,0,459,0,0,0,370,0,0,7,0,0,0,1,0,1,8,0,NA,1,0,0,2,0,40,0,NA,NA,NA,NA,NA,NA,2494,97,468.25,15.25
2016,1,2016-01-03,2016-01-09,1,1,0,0,1,0,0,0,547,0,1,1,417,0,0,8,1,0,0,0,1,0,14,1,NA,0,0,1,3,0,57,0,0,NA,NA,NA,NA,NA,2604.36363636364,94.1818181818182,492,14.9090909090909
2016,2,2016-01-10,2016-01-16,0,0,0,3,1,0,0,0,620,0,0,1,505,0,0,7,0,0,0,1,1,0,4,0,NA,2,0,2,2,0,52,0,0,NA,NA,NA,NA,NA,2775.45454545455,86.1818181818182,513.272727272727,15.4545454545455
2016,3,2016-01-17,2016-01-23,0,1,2,3,2,0,0,0,636,1,0,0,588,0,0,11,0,0,0,0,1,0,9,0,NA,1,1,2,1,0,49,0,0,NA,NA,NA,NA,NA,2946.36363636364,83.0909090909091,521.272727272727,16.3636363636364
2016,4,2016-01-24,2016-01-30,0,0,4,0,0,0,0,0,623,1,0,1,587,0,0,10,0,0,0,2,0,0,6,0,NA,2,0,1,3,0,42,0,0,NA,NA,NA,NA,NA,3111.09090909091,62.1818181818182,529.272727272727,13.8181818181818
2016,5,2016-01-31,2016-02-06,0,0,1,0,2,0,0,0,523,2,0,0,669,0,1,9,0,0,0,1,1,0,6,0,NA,0,0,1,2,0,54,0,0,NA,NA,NA,NA,NA,3125.45454545455,75.0909090909091,519.272727272727,11.0909090909091
2016,6,2016-02-07,2016-02-13,0,0,0,1,0,0,0,0,419,0,0,0,587,0,0,9,0,0,0,1,0,0,5,0,NA,2,0,0,2,0,35,0,0,NA,NA,NA,NA,NA,3739.71428571429,92.2857142857143,624,16.5714285714286
2016,7,2016-02-14,2016-02-20,0,0,0,2,3,0,0,0,589,1,0,2,699,0,2,8,0,0,0,0,0,1,13,0,NA,0,0,1,5,0,49,0,0,NA,NA,NA,NA,NA,3174,86.9090909090909,538.363636363636,17.0909090909091
2016,8,2016-02-21,2016-02-27,0,0,4,0,0,0,0,0,507,4,0,0,756,0,1,10,0,0,0,0,1,0,14,2,NA,0,0,1,4,0,52,0,0,NA,NA,NA,NA,NA,3148.36363636364,82.3636363636364,508,13.0909090909091
2016,9,2016-02-28,2016-03-05,0,1,1,1,0,0,0,0,411,0,1,0,831,0,1,4,0,0,0,1,0,0,8,0,NA,1,0,3,2,0,39,0,0,NA,NA,NA,NA,NA,3000.72727272727,85.6363636363636,456,15.0909090909091
2016,10,2016-03-06,2016-03-12,0,2,2,2,2,0,0,0,395,1,0,0,979,0,2,6,0,0,0,2,1,1,10,1,NA,2,0,2,4,0,26,0,0,NA,NA,NA,NA,NA,2702,81.0909090909091,489.818181818182,15.2727272727273
2016,11,2016-03-13,2016-03-19,0,1,0,1,1,0,0,0,372,1,1,0,905,0,2,9,0,0,0,4,1,0,6,0,NA,0,0,1,3,0,41,0,0,NA,NA,NA,NA,NA,2382.36363636364,73.2727272727273,418.909090909091,14.3636363636364
2016,12,2016-03-20,2016-03-26,0,1,0,0,2,0,0,0,304,2,1,0,860,0,2,7,0,0,0,2,0,0,2,0,NA,0,0,1,1,0,25,0,0,NA,NA,NA,NA,NA,2596.44444444444,91.1111111111111,471.777777777778,17.5555555555556
2016,13,2016-03-27,2016-04-02,0,3,0,1,0,0,0,0,376,1,0,0,937,0,4,7,1,0,0,1,0,0,7,0,NA,2,0,1,0,0,39,0,0,NA,NA,NA,NA,NA,2530,78,448.909090909091,14.1818181818182
2016,14,2016-04-03,2016-04-09,0,0,0,2,1,0,0,0,289,2,0,2,807,0,1,7,1,0,0,0,0,0,12,0,NA,0,0,3,2,0,29,0,0,NA,NA,NA,NA,NA,2416.90909090909,71.0909090909091,464.727272727273,13.6363636363636
2016,15,2016-04-10,2016-04-16,0,0,0,0,3,0,0,0,224,0,1,0,987,0,2,7,0,0,0,1,0,1,13,0,NA,1,0,1,2,0,42,0,0,NA,NA,NA,NA,NA,2382.54545454545,73.0909090909091,475.454545454545,12.3636363636364
2016,16,2016-04-17,2016-04-23,0,0,1,1,1,0,0,0,229,0,1,0,1051,0,6,5,0,0,0,1,0,0,13,1,NA,0,0,0,2,0,48,0,0,NA,NA,NA,NA,NA,2487.27272727273,71.2727272727273,471.454545454545,14
2016,17,2016-04-24,2016-04-30,0,0,2,1,3,0,0,0,242,0,0,0,1020,0,6,12,0,0,0,1,1,0,12,0,NA,1,0,1,6,0,47,0,0,NA,NA,NA,NA,NA,2520.18181818182,74.3636363636364,494,14
2016,18,2016-05-01,2016-05-07,0,1,0,0,3,0,0,0,180,0,0,0,1077,0,3,12,0,0,0,1,2,1,8,1,NA,0,0,2,6,0,38,0,0,NA,NA,NA,NA,NA,2714.66666666667,72.6666666666667,515.555555555556,15.7777777777778
2016,19,2016-05-08,2016-05-14,0,1,1,0,3,0,0,0,216,0,0,0,1316,0,11,10,0,0,0,1,0,0,5,0,NA,0,0,1,2,0,48,0,1,NA,NA,NA,NA,NA,2647.81818181818,73.2727272727273,503.636363636364,14.7272727272727
2016,20,2016-05-15,2016-05-21,0,1,1,1,9,0,0,0,212,0,1,1,1314,0,6,9,0,0,0,0,0,0,19,1,NA,3,0,2,1,0,42,0,0,NA,NA,NA,NA,NA,2852.6,72.2,546.6,14.4
2016,21,2016-05-22,2016-05-28,0,0,2,0,2,0,0,0,198,0,0,0,1344,0,7,14,0,0,0,2,0,0,5,1,NA,0,0,0,3,0,57,0,0,NA,NA,NA,NA,NA,2775.27272727273,70,492,14.5454545454545
2016,22,2016-05-29,2016-06-04,0,0,1,5,0,0,0,0,215,1,0,1,1234,0,5,17,0,0,0,2,0,0,12,0,NA,1,0,1,3,0,45,0,0,NA,NA,NA,NA,NA,2634.36363636364,70,453.454545454545,8.54545454545454
2016,23,2016-06-05,2016-06-11,0,1,1,1,4,0,0,0,157,1,0,0,1117,0,3,15,1,0,0,0,0,0,9,0,NA,2,0,3,3,0,52,0,0,NA,NA,NA,NA,NA,2520.90909090909,71.4545454545455,418.181818181818,9.63636363636364
2016,24,2016-06-12,2016-06-18,0,0,2,1,6,0,0,0,192,1,2,0,1066,0,4,12,1,0,0,1,1,0,5,3,NA,2,1,9,3,0,28,0,0,NA,NA,NA,NA,NA,2563.81818181818,66.1818181818182,444.909090909091,11.6363636363636
2016,25,2016-06-19,2016-06-25,0,0,0,0,4,0,0,0,215,0,0,1,1034,0,1,13,0,0,0,0,2,0,8,0,NA,2,0,3,6,0,43,0,0,NA,NA,NA,NA,NA,2818.54545454545,76.7272727272727,445.454545454545,10.9090909090909
2016,26,2016-06-26,2016-07-02,0,0,1,0,1,0,0,0,234,0,1,1,972,0,0,12,0,0,0,1,5,0,11,0,NA,0,0,0,4,0,53,0,0,NA,NA,NA,NA,NA,3021.27272727273,83.0909090909091,520.727272727273,15.2727272727273
2016,27,2016-07-03,2016-07-09,0,0,0,0,0,0,0,0,246,1,0,0,798,0,0,8,1,0,0,2,1,0,8,0,NA,2,0,1,0,0,48,0,0,NA,NA,NA,NA,NA,2989.11111111111,84.4444444444444,634.222222222222,18.8888888888889
2016,28,2016-07-10,2016-07-16,0,0,0,2,2,0,0,0,223,0,1,0,871,0,1,11,2,0,0,1,1,0,3,0,NA,0,1,1,3,0,80,0,0,NA,NA,NA,NA,NA,2940,77.8181818181818,593.090909090909,12.5454545454545
2016,29,2016-07-17,2016-07-23,0,1,2,3,4,0,0,0,266,0,0,0,884,0,0,12,0,0,0,2,0,1,14,0,NA,1,0,3,2,0,58,0,0,NA,NA,NA,NA,NA,3427.27272727273,72.1818181818182,586.909090909091,11.4545454545455
2016,30,2016-07-24,2016-07-30,0,0,1,5,3,0,0,0,221,1,0,0,908,0,0,15,1,0,0,2,1,0,3,0,NA,3,0,3,0,0,35,0,0,NA,NA,NA,NA,NA,3566.18181818182,74,571.454545454545,13.8181818181818
2016,31,2016-07-31,2016-08-06,0,0,0,1,1,0,0,0,210,0,1,0,972,0,2,8,0,0,0,3,2,1,1,1,NA,3,0,3,7,0,41,0,0,NA,NA,NA,NA,NA,3498.54545454545,83.2727272727273,550.727272727273,12
2016,32,2016-08-07,2016-08-13,0,0,1,1,3,0,0,0,197,1,1,1,917,0,1,8,0,0,0,0,0,0,5,1,NA,1,0,0,1,0,46,0,0,NA,NA,NA,NA,NA,3233.33333333333,80.6666666666667,592.444444444444,17.1111111111111
2016,33,2016-08-14,2016-08-20,0,0,2,2,5,0,0,0,221,1,3,0,914,0,1,7,0,0,0,1,1,0,6,1,NA,1,0,2,3,2,48,0,0,NA,NA,NA,NA,NA,2833.63636363636,77.0909090909091,550.363636363636,13.0909090909091
2016,34,2016-08-21,2016-08-27,0,0,0,1,0,0,0,0,274,0,1,2,948,0,3,9,0,0,0,5,2,2,6,0,NA,3,0,1,4,0,26,0,1,NA,NA,NA,NA,NA,2686.90909090909,77.6363636363636,520.909090909091,14.3636363636364
2016,35,2016-08-28,2016-09-03,0,1,2,2,0,0,0,0,310,1,2,1,906,0,2,13,1,0,0,1,1,0,13,0,NA,0,0,1,3,0,36,0,215,NA,NA,NA,NA,NA,2573.09090909091,81.6363636363636,500.909090909091,15.0909090909091
2016,36,2016-09-04,2016-09-10,0,0,1,0,3,0,0,0,242,0,2,4,867,0,5,18,1,0,0,4,0,0,20,0,NA,0,0,2,1,0,44,0,107,NA,NA,NA,NA,NA,2370.72727272727,75.4545454545455,452.727272727273,10.1818181818182
2016,37,2016-09-11,2016-09-17,0,0,1,0,2,0,0,0,175,0,2,2,778,0,1,12,0,0,0,1,0,0,13,0,NA,2,0,2,1,0,47,0,62,NA,NA,NA,NA,NA,2566.22222222222,88,617.333333333333,13.5555555555556
2016,38,2016-09-18,2016-09-24,1,0,0,0,2,0,0,0,174,0,2,3,756,0,0,13,1,0,0,0,0,1,13,0,NA,0,0,0,5,2,30,0,11,NA,NA,NA,NA,NA,2449.45454545455,82.9090909090909,553.636363636364,10.9090909090909
2016,39,2016-09-25,2016-10-01,0,1,0,1,2,0,0,0,138,0,0,2,737,0,3,11,0,0,0,3,0,1,10,0,NA,3,0,0,1,0,37,0,8,NA,NA,NA,NA,NA,2384,84.3636363636364,524.727272727273,16.5454545454545
2016,40,2016-10-02,2016-10-08,0,0,1,2,4,0,0,0,125,0,0,0,555,0,2,14,0,0,0,1,0,1,11,0,NA,2,0,0,3,0,47,0,4,NA,NA,NA,NA,NA,2378,72.7272727272727,558.909090909091,14.3636363636364
2016,41,2016-10-09,2016-10-15,0,0,1,0,6,0,0,0,94,0,2,1,616,0,2,10,0,0,0,2,0,0,6,1,NA,1,0,2,3,0,41,0,11,NA,NA,NA,NA,NA,2423.27272727273,78.3636363636364,582.363636363636,20.1818181818182
2016,42,2016-10-16,2016-10-22,0,1,0,0,4,0,0,0,108,0,0,4,599,0,1,7,0,0,0,1,0,0,2,0,NA,2,0,2,1,0,46,0,11,NA,NA,NA,NA,NA,2408.18181818182,75.6363636363636,564.727272727273,18.9090909090909
2016,43,2016-10-23,2016-10-29,0,0,1,0,3,0,0,0,84,0,0,0,474,0,2,14,0,0,0,2,0,1,5,0,NA,2,1,0,3,0,34,0,12,NA,NA,NA,NA,NA,2397.6,79.4,557.6,15.4
2016,44,2016-10-30,2016-11-05,0,0,2,0,1,0,0,0,85,1,0,2,489,0,1,16,0,0,0,2,0,0,8,0,NA,1,0,3,1,0,45,0,4,NA,NA,NA,NA,NA,2462,81.6363636363636,568.363636363636,13.0909090909091
2016,45,2016-11-06,2016-11-12,0,0,2,1,0,0,0,0,84,0,0,1,505,0,4,11,0,0,0,2,0,0,11,1,NA,3,0,3,2,0,33,0,4,NA,NA,NA,NA,NA,2598.36363636364,78.1818181818182,553.636363636364,15.6363636363636
2016,46,2016-11-13,2016-11-19,0,0,1,0,3,0,0,0,72,0,0,2,581,0,5,13,0,0,0,3,0,1,7,1,NA,2,0,4,1,0,47,0,3,NA,NA,NA,NA,NA,2651.09090909091,83.8181818181818,518.909090909091,10.5454545454545
2016,47,2016-11-20,2016-11-26,0,0,1,0,1,0,0,0,74,1,0,0,576,0,8,8,0,0,0,1,0,0,6,0,NA,1,0,0,2,1,40,0,1,NA,NA,NA,NA,NA,2619.63636363636,86.7272727272727,511.818181818182,14.1818181818182
2016,48,2016-11-27,2016-12-03,0,0,0,0,1,0,0,0,86,0,0,1,602,0,4,4,0,0,0,2,0,0,7,1,NA,3,0,0,4,0,0,0,2,NA,NA,NA,NA,NA,2588.72727272727,100.181818181818,488.727272727273,14
2016,49,2016-12-04,2016-12-10,0,0,0,0,0,0,0,0,59,0,3,1,588,0,11,10,0,0,0,1,0,0,6,0,NA,0,3,0,0,2,0,0,1,NA,NA,NA,NA,NA,2377.45454545455,101.636363636364,478.909090909091,11
2016,50,2016-12-11,2016-12-17,0,0,1,0,2,0,0,0,81,0,1,1,582,0,3,11,0,0,0,2,0,1,7,0,NA,2,1,2,2,2,0,0,0,NA,NA,NA,NA,NA,2409.81818181818,100.727272727273,427.454545454545,13
2016,51,2016-12-18,2016-12-24,0,0,4,1,1,0,NA,0,72,0,0,0,560,0,2,15,0,0,0,0,0,0,9,0,NA,1,1,0,2,3,1,0,0,NA,NA,NA,NA,NA,2275.09090909091,91.8181818181818,448.363636363636,11
2016,52,2016-12-25,2016-12-31,0,0,1,2,2,0,0,0,64,0,0,0,512,0,3,12,1,0,0,0,0,0,5,0,NA,2,0,0,1,3,0,0,1,NA,NA,NA,NA,NA,2493.33333333333,97.7777777777778,458,12
2017,1,2017-01-01,2017-01-07,0,3,3,2,3,0,0,0,70,0,0,0,501,0,3,6,0,0,0,2,0,0,7,1,2,2,0,1,1,1,48,0,0,0,0,0,0,0,2721.11111111111,105.777777777778,517.777777777778,19.5555555555556
2017,2,2017-01-08,2017-01-14,0,1,4,0,1,0,0,0,90,1,0,0,588,0,4,15,0,0,0,1,0,0,7,0,0,2,0,3,2,0,43,0,0,0,0,0,0,0,2864.18181818182,91.2727272727273,542.545454545455,17.2727272727273
2017,3,2017-01-15,2017-01-21,0,0,3,2,2,0,0,0,73,1,1,0,599,0,3,12,0,0,0,0,0,0,4,0,0,0,0,0,3,0,38,0,1,0,0,0,0,0,3059.63636363636,90.5454545454545,558,16.3636363636364
2017,4,2017-01-22,2017-01-28,0,0,2,1,0,0,0,0,63,0,0,0,492,0,1,7,1,0,0,1,0,0,11,0,1,1,0,0,1,0,33,0,0,0,0,0,0,0,3002.2,81.8,508.8,13
2017,5,2017-01-29,2017-02-04,0,1,6,1,2,0,0,0,62,0,0,0,572,0,0,12,0,0,0,2,0,0,12,1,1,1,1,2,5,2,44,0,0,0,0,0,0,0,3520.88888888889,98.2222222222222,582.888888888889,16.8888888888889
2017,6,2017-02-05,2017-02-11,0,0,0,5,0,0,0,0,77,0,1,0,669,0,1,15,0,0,0,1,0,0,4,0,2,2,0,7,4,0,33,0,2,0,1,0,0,0,3352.18181818182,99.2727272727273,586.727272727273,17.8181818181818
2017,7,2017-02-12,2017-02-18,0,0,4,0,0,0,0,0,51,2,0,0,692,0,4,9,1,0,0,1,0,0,3,1,2,2,1,0,2,0,25,0,1,0,0,0,0,0,3316.36363636364,104.545454545455,561.272727272727,16.7272727272727
2017,8,2017-02-19,2017-02-25,0,1,0,0,0,0,0,0,54,0,0,0,762,0,3,9,1,0,0,2,0,0,10,1,0,0,0,0,6,0,46,0,0,0,0,0,0,1,2992.72727272727,98.7272727272727,535.818181818182,17.6363636363636
2017,9,2017-02-26,2017-03-04,0,0,1,2,2,0,0,0,41,0,0,1,855,0,1,12,0,0,0,2,0,1,6,0,1,0,0,2,4,0,45,0,1,0,0,0,0,0,3008,95.4545454545455,526.727272727273,14
2017,10,2017-03-05,2017-03-11,0,0,0,0,1,0,0,0,32,0,1,0,943,0,2,11,0,0,0,1,0,1,8,0,1,0,0,2,2,0,32,0,0,0,0,0,0,0,3038.36363636364,112.181818181818,533.090909090909,16.3636363636364
2017,11,2017-03-12,2017-03-18,0,0,1,2,0,0,0,0,34,1,1,0,797,0,1,14,0,0,0,0,0,0,8,0,1,3,0,2,2,0,31,0,0,0,0,0,0,0,2711.27272727273,99.8181818181818,428.181818181818,14
2017,12,2017-03-19,2017-03-25,0,0,0,2,3,0,0,0,32,0,0,2,790,0,2,8,0,0,0,0,0,1,7,0,0,1,0,0,3,0,63,0,1,0,0,0,0,1,2976.54545454545,123.818181818182,515.454545454545,16.5454545454545
2017,13,2017-03-26,2017-04-01,0,0,0,3,2,0,0,0,49,1,0,0,663,0,4,12,0,0,0,0,0,2,7,0,0,1,1,0,5,0,45,0,2,0,0,0,0,0,2838.90909090909,112.727272727273,486,16.1818181818182
2017,14,2017-04-02,2017-04-08,0,0,2,2,1,0,0,0,37,0,1,1,695,0,3,13,0,0,0,0,0,0,9,0,1,0,1,2,0,1,33,0,5,0,0,0,0,0,3023.45454545455,98.3636363636364,530.545454545455,16
2017,15,2017-04-09,2017-04-15,0,0,1,2,1,0,0,0,32,0,1,0,654,0,2,7,0,0,0,0,0,0,4,0,1,0,1,1,2,0,42,0,5,0,0,0,0,0,3163.55555555556,98.6666666666667,548,22.4444444444444
2017,16,2017-04-16,2017-04-22,0,0,1,4,0,0,0,0,51,0,2,0,762,0,2,12,0,0,0,0,0,0,8,1,2,2,0,0,2,0,31,0,5,0,0,0,0,0,3202.18181818182,99.4545454545455,545.818181818182,16.1818181818182
2017,17,2017-04-23,2017-04-29,0,0,1,4,2,0,0,0,37,0,0,0,752,0,0,7,1,0,0,0,0,0,11,0,1,0,0,0,0,0,32,0,7,0,0,0,0,0,3189.45454545455,94.9090909090909,565.818181818182,18.3636363636364
2017,18,2017-04-30,2017-05-06,0,1,1,2,0,0,0,0,42,0,2,0,755,0,0,13,1,0,0,0,0,1,6,0,0,1,0,1,1,0,43,0,3,0,0,0,0,0,3452,107.777777777778,541.777777777778,21.1111111111111
2017,19,2017-05-07,2017-05-13,0,1,0,1,0,0,0,0,48,0,0,0,732,0,0,8,1,0,0,1,0,1,9,0,1,2,0,0,4,0,38,0,1,0,0,0,0,0,3644.66666666667,102.888888888889,595.555555555556,19.1111111111111
2017,20,2017-05-14,2017-05-20,0,0,0,2,2,0,0,0,48,2,0,1,793,0,2,7,0,0,0,1,0,1,10,0,1,1,0,0,3,0,40,0,1,0,0,0,0,0,3500.36363636364,88,565.272727272727,14.7272727272727
2017,21,2017-05-21,2017-05-27,0,1,0,1,0,0,0,0,50,0,2,0,789,0,2,10,1,0,0,0,0,0,9,0,2,0,0,0,6,0,44,0,4,0,0,0,0,0,3439.81818181818,84,548,14.3636363636364
2017,22,2017-05-28,2017-06-03,1,0,2,3,1,0,0,0,66,0,0,0,713,0,0,8,0,0,0,0,0,1,7,0,3,2,0,1,10,1,65,0,3,0,0,0,0,0,3241.45454545455,84.1818181818182,484.363636363636,9.63636363636364
2017,23,2017-06-04,2017-06-10,0,0,0,1,1,0,0,0,62,0,0,2,607,0,2,9,0,0,0,0,0,0,9,1,2,1,0,3,3,0,36,0,1,0,0,0,0,0,2842,86.7272727272727,467.636363636364,13.8181818181818
2017,24,2017-06-11,2017-06-17,0,0,2,1,0,0,0,0,79,1,0,1,520,0,3,8,0,0,0,1,0,0,4,0,1,0,0,0,3,0,49,0,1,0,0,0,0,0,2476,82.7272727272727,464.181818181818,10.3636363636364
2017,25,2017-06-18,2017-06-24,0,1,1,0,2,0,0,0,73,0,1,2,554,0,1,10,0,0,0,0,0,1,5,0,0,0,0,0,2,0,33,0,2,0,0,0,0,0,2374,82,454.545454545455,11.6363636363636
2017,26,2017-06-25,2017-07-01,0,0,1,2,1,0,0,0,75,0,1,2,436,0,2,12,1,0,0,1,0,1,13,1,0,4,0,1,2,0,28,0,1,0,0,0,0,0,2793.33333333333,84,616.666666666667,18.8888888888889
2017,27,2017-07-02,2017-07-08,0,1,1,0,2,0,0,0,63,0,3,1,572,0,1,9,0,0,0,1,0,1,16,0,2,1,0,1,4,0,41,0,0,0,0,0,0,0,2834.72727272727,77.0909090909091,529.090909090909,12.5454545454545
2017,28,2017-07-09,2017-07-15,0,1,1,1,3,0,0,0,53,0,0,1,661,0,0,6,0,0,0,2,0,0,8,1,0,0,0,2,4,0,31,0,1,0,0,0,0,0,3190.72727272727,84.9090909090909,616.363636363636,17.2727272727273
2017,29,2017-07-16,2017-07-22,0,1,1,2,0,0,0,0,51,0,0,0,692,0,1,9,0,0,0,1,0,0,9,2,1,1,0,1,2,0,30,0,0,0,0,0,0,0,3355.45454545455,95.8181818181818,612,13.6363636363636
2017,30,2017-07-23,2017-07-29,0,1,0,2,4,0,0,0,66,1,1,0,803,0,0,15,0,0,0,0,0,0,15,0,1,0,0,1,8,0,45,0,6,0,0,0,0,0,3132.36363636364,88.3636363636364,604.545454545455,14.3636363636364
2017,31,2017-07-30,2017-08-05,0,0,0,2,4,0,0,0,60,0,1,1,872,1,0,7,0,0,0,0,0,0,13,0,0,0,0,1,2,0,40,0,6,0,0,0,0,0,2867.09090909091,87.4545454545455,576.181818181818,16.1818181818182
2017,32,2017-08-06,2017-08-12,0,0,3,2,0,0,0,0,56,0,1,1,695,0,2,15,1,0,0,2,0,0,9,0,3,1,0,2,2,0,46,0,2,0,0,0,0,2,2782.88888888889,87.1111111111111,597.111111111111,15.3333333333333
2017,33,2017-08-13,2017-08-19,0,0,0,2,7,0,0,0,52,1,1,2,711,0,0,5,2,0,0,1,0,0,15,0,2,0,0,0,6,0,27,0,2,0,0,0,0,0,2892.72727272727,80.1818181818182,599.090909090909,12.3636363636364
2017,34,2017-08-20,2017-08-26,0,0,2,1,1,0,0,0,51,1,1,1,840,0,0,13,3,0,0,1,0,0,7,1,1,2,0,3,4,0,37,0,0,0,0,0,0,0,2770.72727272727,77.6363636363636,567.818181818182,14.7272727272727
2017,35,2017-08-27,2017-09-02,0,0,1,0,3,0,0,0,33,0,3,0,761,0,1,12,0,0,0,1,0,0,13,0,0,2,0,5,4,0,39,0,1,0,0,0,0,0,2502.44444444444,81.3333333333333,480.666666666667,16.8888888888889
2017,36,2017-09-03,2017-09-09,0,0,1,2,3,0,0,0,40,0,1,1,659,1,1,14,1,0,0,0,0,1,13,2,2,1,1,0,4,0,46,0,0,0,0,0,0,0,2378.36363636364,74.7272727272727,460.545454545455,12.9090909090909
2017,37,2017-09-10,2017-09-16,0,1,0,1,2,0,0,0,53,0,1,0,717,0,1,5,0,0,0,1,0,1,11,0,0,1,0,5,2,0,41,0,0,0,0,0,0,0,2489.27272727273,79.8181818181818,528.727272727273,12.7272727272727
2017,38,2017-09-17,2017-09-23,0,1,1,3,4,0,0,0,58,1,1,0,708,0,2,12,0,0,0,1,0,0,12,0,1,0,0,2,1,0,39,0,0,0,0,0,0,0,2664.72727272727,84.3636363636364,509.818181818182,10.3636363636364
2017,39,2017-09-24,2017-09-30,0,0,0,0,0,0,0,0,39,0,0,0,672,0,1,14,0,0,0,2,0,1,17,0,1,1,0,1,4,0,27,0,1,0,0,0,0,0,2686.36363636364,80.3636363636364,482.909090909091,9.63636363636364
2017,40,2017-10-01,2017-10-07,0,0,1,0,1,0,0,0,51,1,1,1,622,0,0,12,0,0,0,0,0,0,10,1,1,2,0,1,1,0,33,0,0,0,0,0,0,0,2881.09090909091,71.4545454545455,504.181818181818,11.0909090909091
2017,41,2017-10-08,2017-10-14,0,0,3,2,0,0,0,0,55,0,0,1,721,0,0,13,0,0,0,2,0,1,4,1,0,3,1,2,1,0,34,0,0,0,0,0,0,0,3016,80.3636363636364,518.181818181818,11.8181818181818
2017,42,2017-10-15,2017-10-21,1,0,1,5,1,0,0,0,62,1,1,1,635,0,1,9,0,0,0,2,0,0,5,1,0,0,1,2,3,0,38,0,0,0,0,0,0,0,3125.33333333333,88,575.111111111111,14
2017,43,2017-10-22,2017-10-28,1,0,2,1,2,0,0,0,77,0,1,0,549,0,1,11,0,0,0,0,0,0,13,1,2,1,0,2,1,0,37,0,0,0,0,0,0,0,2869.27272727273,74,532.181818181818,11.0909090909091
2017,44,2017-10-29,2017-11-04,0,0,2,1,3,0,0,0,62,0,1,1,553,0,1,8,0,0,0,0,0,0,21,0,1,0,1,2,4,0,50,0,0,0,0,0,0,0,2882,80,506.545454545455,11.4545454545455
2017,45,2017-11-05,2017-11-11,0,0,1,1,0,0,0,0,44,0,1,0,474,0,0,11,1,0,0,0,0,0,10,0,1,3,0,3,2,1,35,0,0,0,0,0,1,0,2861.63636363636,76.5454545454545,519.454545454545,13.2727272727273
2017,46,2017-11-12,2017-11-18,0,0,0,1,1,0,0,0,50,0,1,1,550,0,1,6,0,0,0,0,0,1,9,0,1,2,0,2,1,0,33,0,1,0,0,0,0,0,2939.45454545455,79.6363636363636,543.818181818182,14
2017,47,2017-11-19,2017-11-25,0,0,1,0,2,0,0,0,24,0,1,0,482,0,0,8,0,0,0,0,0,0,15,1,0,1,1,1,5,0,27,0,0,0,0,0,0,0,2909.63636363636,75.8181818181818,503.818181818182,13.6363636363636
2017,48,2017-11-26,2017-12-02,0,0,3,3,1,0,0,0,37,1,2,3,463,0,0,9,0,0,0,4,0,0,11,1,3,0,1,4,2,0,38,0,0,0,0,0,0,0,2836,83.2727272727273,502.181818181818,14.3636363636364
2017,49,2017-12-03,2017-12-09,0,0,1,2,5,0,0,0,33,1,2,1,416,0,0,11,0,0,0,0,0,1,12,0,2,0,0,1,6,0,36,0,0,0,0,0,0,0,2711.27272727273,82,500.181818181818,9.63636363636364
2017,50,2017-12-10,2017-12-16,0,0,1,1,0,0,0,0,40,0,0,0,460,0,1,6,0,0,0,0,0,0,11,2,0,2,0,3,2,0,44,0,0,0,0,0,0,0,2676.90909090909,82.3636363636364,482.909090909091,13.0909090909091
2017,51,2017-12-17,2017-12-23,0,0,1,1,0,0,0,0,51,0,0,0,412,0,0,11,1,0,0,0,0,0,13,0,2,0,1,2,2,1,36,0,0,0,0,0,0,3,2729.09090909091,93.0909090909091,466.181818181818,10
2017,52,2017-12-24,2017-12-30,0,0,1,0,0,0,0,0,66,0,0,0,325,0,6,7,0,0,0,0,0,1,5,1,1,0,0,2,3,0,42,0,0,0,0,0,0,0,2836,87.7777777777778,484.666666666667,15.1111111111111
2018,1,2017-12-31,1900-01-01,0,1,1,1,0,0,0,0,83,0,2,0,326,0,1,6,0,0,0,1,0,0,6,0,0,1,0,2,1,0,27,0,0,0,0,0,0,0,3157.55555555556,103.333333333333,579.777777777778,24
2018,2,2018-01-07,2018-01-13,0,1,1,1,1,0,0,0,68,0,1,0,478,0,1,13,0,0,0,2,0,0,8,0,0,1,1,3,3,0,33,0,0,0,0,0,0,0,3632.18181818182,93.2727272727273,603.636363636364,16.9090909090909
2018,3,2018-01-14,2018-01-20,0,0,0,1,1,0,0,0,54,0,0,0,542,0,2,11,0,0,0,1,0,0,4,0,1,1,0,2,5,0,28,0,1,0,0,0,0,0,4233.81818181818,96.1818181818182,582.909090909091,20.1818181818182
2018,4,2018-01-21,2018-01-27,0,1,3,0,2,0,0,0,45,0,0,0,645,0,0,12,0,0,0,1,0,2,9,0,1,0,0,2,0,0,23,0,0,0,0,1,0,0,4048.36363636364,91.0909090909091,606.545454545455,18.7272727272727
2018,5,2018-01-28,2018-02-03,1,0,0,1,0,0,0,0,48,0,0,0,757,0,1,17,0,0,0,1,0,0,9,0,0,1,0,0,2,0,26,0,0,0,0,0,1,0,3959.81818181818,108.545454545455,582.727272727273,16.9090909090909
2018,6,2018-02-04,2018-02-10,0,1,1,1,1,0,0,0,50,0,0,0,699,0,0,11,0,0,0,0,0,0,4,1,0,1,0,4,2,0,22,0,0,0,0,0,0,0,3983.27272727273,114.363636363636,559.818181818182,18.1818181818182
2018,7,2018-02-11,2018-02-17,0,0,0,2,2,0,0,0,28,0,0,0,546,0,2,2,0,0,0,0,0,0,4,0,1,0,0,2,3,0,13,0,0,0,0,0,0,0,3911.14285714286,108.857142857143,542.571428571429,16
2018,8,2018-02-18,2018-02-24,0,0,2,2,2,0,0,0,38,1,1,0,668,0,0,8,0,0,0,0,0,0,8,2,0,1,0,1,4,0,14,0,0,0,0,0,0,0,3513.09090909091,116.909090909091,584.727272727273,18
2018,9,2018-02-25,2018-03-03,0,1,1,0,3,0,0,0,51,0,0,1,780,0,1,10,0,0,0,2,0,0,4,0,0,0,1,4,3,0,32,0,0,0,0,0,0,1,3174,101.272727272727,571.818181818182,22.5454545454545
2018,10,2018-03-04,2018-03-10,0,0,0,1,0,0,0,0,37,0,0,0,1105,0,2,5,0,0,0,2,0,0,4,0,0,0,0,0,4,0,32,0,0,0,0,0,0,0,3011.63636363636,103.636363636364,550,20.9090909090909
2018,11,2018-03-11,2018-03-17,0,0,0,2,1,0,0,0,37,2,2,0,946,0,1,11,0,0,0,1,0,0,4,1,1,0,1,0,3,0,32,0,0,0,0,0,0,1,2693.81818181818,94.9090909090909,498.363636363636,17.2727272727273
2018,12,2018-03-18,2018-03-24,0,0,0,2,1,0,0,0,36,0,1,0,983,0,0,11,0,0,0,0,0,0,12,0,1,2,0,6,2,0,30,0,0,0,0,0,0,0,2806.36363636364,112,552.181818181818,15.2727272727273
2018,13,2018-03-25,2018-03-31,0,0,0,1,1,0,0,0,24,0,0,0,843,0,1,10,0,0,0,2,0,0,11,1,1,0,0,1,2,0,22,0,0,0,0,0,0,0,2796.88888888889,109.111111111111,532.222222222222,20.8888888888889
2018,14,2018-04-01,2018-04-07,0,0,3,1,3,0,0,0,38,0,0,0,1010,0,2,12,0,0,0,0,0,1,10,1,1,0,0,5,0,0,32,0,0,0,0,0,0,1,2968.36363636364,104,564.727272727273,19.0909090909091
2018,15,2018-04-08,2018-04-14,0,0,0,2,2,0,0,0,38,0,1,0,985,0,2,10,0,0,0,1,0,0,13,0,2,1,0,5,1,0,31,0,0,0,0,0,0,0,2958.90909090909,100.545454545455,600.545454545455,16.3636363636364
2018,16,2018-04-15,2018-04-21,0,1,1,1,2,0,0,0,56,0,1,0,996,0,1,11,0,0,0,1,0,0,4,2,0,0,1,4,1,0,33,0,0,0,0,0,0,0,2984.36363636364,91.0909090909091,575.090909090909,19.2727272727273
2018,17,2018-04-22,2018-04-28,0,0,0,0,3,0,0,0,55,1,1,0,1066,0,3,8,0,0,0,2,0,0,5,0,1,0,0,3,2,1,27,0,0,0,0,0,0,0,3044,89.0909090909091,568,14.7272727272727
2018,18,2018-04-29,2018-05-05,0,0,0,1,0,0,0,0,74,3,1,0,971,0,0,16,1,0,0,1,0,0,6,0,0,3,0,2,4,0,41,0,0,0,0,0,0,1,3249.33333333333,99.3333333333333,574.222222222222,22.2222222222222
2018,19,2018-05-06,2018-05-12,0,0,1,2,1,0,0,0,62,0,1,0,1159,0,0,10,0,0,0,1,0,2,9,0,3,1,0,5,2,0,36,0,0,0,0,0,0,0,3130.72727272727,90.1818181818182,575.090909090909,12.9090909090909
2018,20,2018-05-13,2018-05-19,0,0,0,3,1,0,0,0,63,1,1,1,1022,0,1,16,0,0,0,0,0,0,6,0,2,0,0,1,2,1,40,0,0,0,0,0,0,0,3074.72727272727,90.3636363636364,597.818181818182,13.2727272727273
2018,21,2018-05-20,2018-05-26,0,1,0,0,3,0,0,0,64,1,0,0,1086,0,3,15,0,0,0,1,0,3,7,0,1,0,0,3,4,0,40,0,0,0,0,0,0,1,3089.27272727273,95.0909090909091,608.909090909091,14.1818181818182
2018,22,2018-05-27,2018-06-02,0,0,0,3,0,0,0,0,52,2,0,1,849,0,0,10,0,0,0,0,0,0,9,0,1,0,0,1,4,0,47,0,0,0,0,0,0,0,3022.88888888889,89.3333333333333,562.888888888889,12.2222222222222
2018,23,2018-06-03,2018-06-09,0,0,0,3,0,0,0,0,75,0,1,1,873,0,1,9,0,0,0,2,0,1,3,0,1,1,0,3,1,1,47,0,0,0,0,0,0,0,2700.90909090909,88.7272727272727,524.181818181818,10.9090909090909
2018,24,2018-06-10,2018-06-16,0,0,1,3,1,0,0,0,55,0,0,0,735,0,0,8,0,0,0,0,0,0,10,0,2,0,0,4,5,0,31,0,0,0,0,0,0,0,2402.88888888889,74,466,15.3333333333333
2018,25,2018-06-17,2018-06-23,0,0,0,1,1,0,0,0,59,2,1,0,716,0,0,9,0,0,0,3,0,0,8,0,4,0,0,1,3,0,39,0,0,0,0,0,0,2,2596.90909090909,80.5454545454545,533.818181818182,10.7272727272727
2018,26,2018-06-24,2018-06-30,0,0,1,0,1,0,0,0,75,1,1,0,889,0,0,7,0,0,0,0,0,0,8,0,1,1,0,1,1,0,30,0,0,0,0,0,0,0,2986.90909090909,86.9090909090909,603.090909090909,16.3636363636364
2018,27,2018-07-01,2018-07-07,0,1,1,7,2,0,0,0,56,2,1,0,1071,0,0,12,0,0,0,1,0,0,8,0,0,0,1,2,4,0,42,0,0,0,0,0,0,0,3172.54545454545,94,592,15.4545454545455
2018,28,2018-07-08,2018-07-14,0,0,1,1,2,0,0,0,44,0,2,1,1140,0,0,9,1,0,0,3,0,0,9,1,1,1,0,1,4,0,22,0,0,0,0,0,0,0,3384,93.8181818181818,648.727272727273,18.9090909090909
2018,29,2018-07-15,2018-07-21,0,1,2,1,0,0,0,0,41,0,0,0,1136,0,1,12,0,0,0,0,0,0,7,1,0,0,0,4,4,0,22,0,0,0,0,0,0,0,3202,85.2727272727273,634,16.1818181818182
2018,30,2018-07-22,2018-07-28,0,0,1,1,0,0,0,0,56,0,0,1,1177,0,0,8,0,0,0,0,0,2,7,0,0,0,1,3,4,0,37,0,0,0,0,0,0,0,3032.54545454545,88.9090909090909,623.818181818182,15.4545454545455
2018,31,2018-07-29,2018-08-04,0,0,0,0,1,0,0,0,50,1,0,0,1249,0,1,12,2,0,0,1,0,1,13,0,0,1,0,1,0,0,32,0,0,0,0,0,0,0,3005.63636363636,81.0909090909091,647.454545454545,16.3636363636364
2018,32,2018-08-05,2018-08-11,0,1,2,1,0,0,0,0,59,0,0,0,1050,0,0,7,0,0,0,0,0,0,11,0,2,0,0,1,0,0,30,0,0,0,0,0,0,0,2890.22222222222,88.4444444444444,610.666666666667,16.4444444444444
2018,33,2018-08-12,2018-08-18,0,1,2,1,1,0,0,0,42,1,1,0,1038,0,0,7,2,0,0,2,0,0,12,0,0,0,0,1,2,0,23,0,0,0,0,0,0,0,2872.90909090909,84.9090909090909,607.454545454545,17.2727272727273
2018,34,2018-08-19,2018-08-25,1,1,2,4,0,0,0,0,66,2,1,0,796,0,0,7,1,0,0,1,0,0,7,0,0,1,0,3,3,0,31,0,0,0,0,0,0,2,2816,94.6666666666667,648.666666666667,14.2222222222222
2018,35,2018-08-26,2018-09-01,0,0,1,1,0,0,0,0,75,0,0,0,684,0,2,9,1,0,0,0,0,1,9,0,0,1,0,0,4,0,23,0,0,0,0,0,0,0,2518.54545454545,75.6363636363636,565.818181818182,10.3636363636364
2018,36,2018-09-02,2018-09-08,0,0,2,1,3,0,0,0,75,1,0,0,474,0,0,4,0,0,0,0,0,1,4,0,1,1,0,1,3,0,38,0,0,0,0,0,0,0,2421.81818181818,67.6363636363636,498.909090909091,12.5454545454545
2018,37,2018-09-09,2018-09-15,0,0,0,2,2,0,0,0,49,0,0,0,594,0,0,10,1,0,0,0,0,0,13,0,1,0,0,0,3,0,30,0,0,0,0,0,0,0,2893.27272727273,82.1818181818182,593.090909090909,15.6363636363636
2018,38,2018-09-16,2018-09-22,0,0,0,0,1,0,0,0,63,0,1,0,568,0,0,8,0,0,0,1,0,0,12,0,2,1,0,1,3,0,34,0,0,0,0,0,0,0,2844.72727272727,87.4545454545455,606.181818181818,13.0909090909091
2018,39,2018-09-23,2018-09-29,0,1,1,1,0,0,0,0,40,0,2,0,622,0,0,7,1,0,0,1,0,2,11,2,0,0,0,2,2,0,28,0,0,0,0,0,0,0,2767.27272727273,78.9090909090909,570.727272727273,15.4545454545455
2018,40,2018-09-30,2018-10-06,0,0,0,2,0,0,0,0,51,0,1,0,586,0,0,9,0,0,0,2,0,0,8,0,0,3,0,2,2,1,30,0,0,0,0,0,0,1,2659.09090909091,82.7272727272727,577.636363636364,14.7272727272727
2018,41,2018-10-07,2018-10-13,0,0,2,0,1,0,0,0,51,0,1,0,547,0,0,8,0,0,0,1,0,0,8,0,1,1,1,4,3,0,36,0,0,0,0,0,0,0,2656.36363636364,76.1818181818182,577.090909090909,14.5454545454545
2018,42,2018-10-14,2018-10-20,0,0,2,0,0,0,0,0,60,2,1,0,543,0,1,10,0,0,0,4,0,0,8,0,1,1,0,1,3,0,36,0,0,0,0,0,0,1,2904,81.4545454545455,619.818181818182,12.1818181818182
2018,43,2018-10-21,2018-10-27,0,0,0,1,3,0,0,0,78,0,0,2,561,0,0,5,0,0,0,1,0,0,10,1,1,2,0,2,3,0,40,0,0,0,0,0,0,1,2947.45454545455,78.5454545454545,615.636363636364,14
2018,44,2018-10-28,2018-11-03,0,0,3,0,0,0,0,0,75,0,2,2,565,0,0,6,0,0,0,0,0,0,6,1,1,2,0,0,1,0,44,0,0,0,0,0,0,0,3016.18181818182,82,583.818181818182,14.5454545454545
2018,45,2018-11-04,2018-11-10,0,0,0,1,1,0,0,0,71,0,0,0,528,0,1,11,0,0,0,1,0,2,11,0,2,2,1,0,3,0,34,0,0,0,0,0,0,0,3320.66666666667,97.3333333333333,614.666666666667,18.6666666666667
2018,46,2018-11-11,2018-11-17,0,0,1,0,1,0,0,0,78,0,1,0,587,0,0,2,0,0,0,2,0,2,12,0,0,1,0,1,4,0,37,0,0,0,0,0,0,1,3271.81818181818,84,592.545454545455,12.1818181818182
2018,47,2018-11-18,2018-11-24,0,1,1,0,0,0,0,0,97,0,0,0,607,0,2,10,0,0,0,0,0,0,9,0,1,0,0,2,1,0,31,0,0,0,0,0,0,1,3385.81818181818,93.0909090909091,567.636363636364,14.3636363636364
2018,48,2018-11-25,2018-12-01,0,0,2,0,1,0,0,0,109,0,0,4,533,0,1,7,0,0,0,1,0,1,11,0,1,1,0,3,1,0,21,0,0,0,0,0,0,0,3294.72727272727,90.5454545454545,543.272727272727,11.8181818181818
2018,49,2018-12-02,2018-12-08,0,0,0,2,0,0,0,0,114,1,1,1,500,0,0,3,0,0,0,1,0,0,7,0,0,2,0,2,3,0,31,0,0,0,0,0,0,0,3138.36363636364,100.727272727273,543.272727272727,10
2018,50,2018-12-09,2018-12-15,0,1,0,6,0,0,0,0,107,1,0,0,461,0,0,10,0,0,0,1,0,0,9,1,0,1,1,3,2,1,27,0,0,0,0,0,0,0,3035.81818181818,81.4545454545455,509.272727272727,6.54545454545455
2018,51,2018-12-16,2018-12-22,0,0,1,6,0,0,0,0,127,1,2,0,486,0,0,4,0,0,0,1,0,0,15,0,1,0,0,1,1,0,33,0,0,0,0,0,0,0,2914.72727272727,85.4545454545455,502.363636363636,9.63636363636364
2018,52,2018-12-23,2018-12-29,0,1,0,1,1,0,0,0,160,0,2,0,439,0,0,9,0,0,0,1,0,1,5,0,2,0,0,2,3,0,24,0,0,0,0,0,0,1,3420,106.75,590.25,15.5
2019,1,2018-12-30,2019-01-05,0,0,2,5,1,0,0,0,205,2,1,1,52,0,0,5,0,0,0,1,0,0,5,0,0,0,0,1,0,0,43,0,0,0,0,0,0,0,3477.5,122.5,631,15.75
2019,2,2019-01-06,2019-01-12,0,2,6,2,0,0,0,0,245,0,0,0,79,0,1,13,0,0,0,1,0,0,5,1,0,1,0,2,2,0,28,0,0,0,0,0,0,1,3290.90909090909,99.8181818181818,619.818181818182,14.5454545454545
2019,3,2019-01-13,2019-01-19,0,0,2,1,0,0,0,0,207,8,3,2,69,0,5,7,0,0,0,0,0,0,10,0,0,2,0,0,3,0,55,0,2,0,0,0,0,0,3390.54545454545,99.4545454545455,632.909090909091,12.9090909090909
2019,4,2019-01-20,2019-01-26,0,2,2,1,0,0,0,0,221,1,0,1,67,0,2,9,0,0,0,2,0,0,7,1,0,1,1,1,2,0,38,0,0,0,0,0,0,1,3407.81818181818,95.6363636363636,600.545454545455,14.9090909090909
2019,5,2019-01-27,2019-02-02,0,0,1,1,0,0,0,0,179,3,1,0,59,0,3,9,0,0,0,0,0,0,6,0,0,1,0,3,6,0,34,0,0,0,0,0,0,0,3428.18181818182,95.0909090909091,589.818181818182,10.7272727272727
2019,6,2019-02-03,2019-02-09,0,0,1,3,0,0,0,0,135,3,0,0,48,0,3,6,0,0,0,1,0,1,6,0,0,0,0,1,4,1,30,0,1,0,0,0,0,0,3658.33333333333,107,754.666666666667,18.3333333333333
2019,7,2019-02-10,2019-02-16,0,0,1,0,0,0,0,0,232,3,2,0,68,0,4,6,0,0,0,1,0,0,20,0,0,2,1,5,1,0,40,0,0,0,0,0,0,0,3237.27272727273,97.0909090909091,659.090909090909,12.3636363636364
2019,8,2019-02-17,2019-02-23,0,0,0,2,2,0,0,0,181,1,0,1,89,0,7,10,0,0,0,1,0,0,9,0,1,1,0,0,4,0,25,0,0,0,0,0,0,0,3063.27272727273,94.1818181818182,622.363636363636,14.1818181818182
2019,9,2019-02-24,2019-03-02,0,0,2,1,2,0,0,0,156,1,0,2,69,0,7,6,0,0,0,0,0,0,10,2,0,0,0,4,2,0,50,0,0,0,0,0,0,0,2920.36363636364,89.6363636363636,589.272727272727,12.9090909090909
2019,10,2019-03-03,2019-03-09,1,0,0,0,1,0,0,0,133,1,0,0,73,0,3,6,0,0,0,1,0,0,8,2,0,0,0,2,3,0,41,0,1,0,0,0,0,0,2949.45454545455,107.272727272727,593.272727272727,14
2019,11,2019-03-10,2019-03-16,0,0,1,1,1,0,0,0,109,0,0,0,105,0,2,5,0,0,0,2,0,1,11,0,0,0,0,3,3,0,39,0,0,0,0,0,0,0,2881.45454545455,86.9090909090909,581.636363636364,13.4545454545455
2019,12,2019-03-17,2019-03-23,0,0,1,0,0,0,0,0,96,1,1,0,68,0,4,9,0,0,0,2,0,0,9,1,0,1,0,2,2,0,42,0,0,0,0,0,0,0,2591.45454545455,86.7272727272727,506.909090909091,10.7272727272727
2019,13,2019-03-24,2019-03-30,0,0,2,1,1,0,0,0,99,1,1,1,85,0,1,12,0,0,0,1,0,0,6,0,1,2,0,2,4,0,66,0,0,0,0,0,0,0,2686.90909090909,84.1818181818182,584.181818181818,13.2727272727273
2019,14,2019-03-31,2019-04-06,0,0,0,2,4,0,0,0,108,0,0,0,91,0,1,9,0,0,0,1,0,1,7,1,0,0,0,1,1,0,72,0,0,0,0,0,0,0,2833.81818181818,85.0909090909091,608.545454545455,11.0909090909091
2019,15,2019-04-07,2019-04-13,0,0,1,2,0,0,0,0,125,0,2,0,115,0,0,17,0,0,0,0,0,1,7,1,0,2,0,0,0,0,36,0,0,0,0,0,0,0,2869.81818181818,84,585.818181818182,14.3636363636364
2019,16,2019-04-14,2019-04-20,0,0,0,0,0,0,0,0,134,1,1,0,107,0,0,7,0,0,0,2,0,1,2,0,0,0,0,1,2,0,42,0,0,0,0,0,0,0,2995.33333333333,91.3333333333333,614,14.8888888888889
2019,17,2019-04-21,2019-04-27,0,0,0,1,0,0,0,0,156,1,0,1,98,0,1,5,0,0,0,0,0,0,13,0,3,1,0,3,2,0,37,0,0,0,0,0,0,0,2963.09090909091,83.6363636363636,644.909090909091,11.6363636363636
2019,18,2019-04-28,2019-05-04,0,2,1,3,0,0,0,0,192,2,0,0,84,0,3,6,0,0,0,0,0,0,5,0,1,1,0,0,1,0,36,0,0,0,0,0,0,0,3223.77777777778,90.4444444444444,684.444444444444,15.1111111111111
2019,19,2019-05-05,2019-05-11,0,0,1,1,2,0,0,0,287,0,0,0,99,0,1,13,0,0,0,0,0,0,15,2,3,3,0,3,4,1,41,0,1,0,0,0,0,0,3184.18181818182,82.7272727272727,643.272727272727,10.9090909090909
2019,20,2019-05-12,2019-05-18,0,0,2,0,0,0,0,0,307,2,1,0,130,0,2,11,0,0,0,2,0,0,11,0,0,1,0,1,5,0,40,0,0,0,0,0,0,0,3060.18181818182,91.4545454545455,674,15.2727272727273
2019,21,2019-05-19,2019-05-25,0,0,1,1,0,0,0,0,376,2,0,0,91,0,4,10,0,0,0,0,0,1,12,1,0,2,0,0,3,0,55,0,0,0,0,0,0,0,3210.22222222222,84.8888888888889,675.333333333333,12.8888888888889
2019,22,2019-05-26,2019-06-01,0,0,1,1,0,0,0,0,400,1,0,0,131,0,1,8,0,0,0,1,0,1,9,0,0,0,0,1,2,0,40,0,0,0,0,0,0,0,3017.45454545455,78.5454545454545,637.090909090909,12.9090909090909
2019,23,2019-06-02,2019-06-08,0,0,2,0,1,0,0,0,396,4,1,6,89,0,2,8,0,0,0,0,0,0,14,0,0,1,0,0,3,0,41,0,0,0,0,0,0,0,2824.44444444444,88.2222222222222,640.444444444444,12.4444444444444
2019,24,2019-06-09,2019-06-15,0,1,1,0,0,0,0,0,464,3,1,3,115,0,5,8,0,0,0,1,0,1,17,0,0,0,0,2,4,0,43,0,0,0,0,0,0,0,2797.27272727273,85.4545454545455,513.272727272727,9.09090909090909
2019,25,2019-06-16,2019-06-22,0,0,0,0,1,0,0,0,430,3,0,1,145,0,7,5,0,0,0,0,0,3,16,0,0,0,0,1,1,0,37,0,0,0,0,0,0,0,2824.36363636364,87.0909090909091,554.181818181818,12.3636363636364
2019,26,2019-06-23,2019-06-29,0,0,1,1,1,0,0,0,492,5,1,1,143,0,7,6,0,0,0,0,0,2,6,0,0,2,0,2,3,0,33,0,0,0,0,0,0,0,2956.90909090909,84.5454545454545,592.727272727273,12.7272727272727
2019,27,2019-06-30,2019-07-06,0,0,0,3,0,0,0,0,591,2,1,1,126,0,8,6,0,0,0,1,0,0,12,1,0,2,0,1,4,1,43,0,0,0,0,0,0,2,3182.36363636364,87.0909090909091,679.090909090909,13.4545454545455
2019,28,2019-07-07,2019-07-13,0,0,0,0,0,0,0,0,661,2,1,3,135,0,10,5,0,0,0,1,0,1,8,0,0,2,1,1,4,0,31,0,2,0,0,0,0,0,3312,84.9090909090909,726,11.8181818181818
2019,29,2019-07-14,2019-07-20,1,1,0,0,1,0,0,0,644,2,0,1,129,0,17,10,0,0,0,2,0,0,12,0,1,2,0,1,7,0,47,0,0,0,0,0,0,0,3290.36363636364,83.8181818181818,696.727272727273,14
2019,30,2019-07-21,2019-07-27,0,0,2,4,2,0,0,0,601,4,0,3,115,0,9,8,0,0,0,0,0,0,7,0,0,1,0,1,2,0,29,0,0,0,0,0,0,0,3256.36363636364,88.9090909090909,750.545454545455,14
2019,31,2019-07-28,2019-08-03,0,0,5,0,1,0,0,0,597,2,0,3,114,0,10,7,0,0,0,1,0,0,7,0,0,1,0,2,4,0,37,0,0,0,0,0,0,0,3101.81818181818,75.4545454545455,744.363636363636,10.3636363636364
2019,32,2019-08-04,2019-08-10,0,0,11,2,0,0,0,0,521,2,0,0,97,0,1,6,0,0,0,0,0,0,5,0,1,2,0,2,3,0,32,0,0,0,0,0,0,0,2837.11111111111,71.1111111111111,696.444444444444,11.5555555555556
2019,33,2019-08-11,2019-08-17,0,0,2,2,0,0,0,0,522,2,0,1,97,0,3,8,0,0,0,0,0,0,19,0,0,0,0,0,2,0,35,0,0,0,0,0,0,0,2794.22222222222,81.1111111111111,727.333333333333,12.8888888888889
2019,34,2019-08-18,2019-08-24,0,0,3,1,2,0,0,0,474,0,0,6,90,0,2,7,0,0,0,1,0,0,9,0,2,0,2,2,4,0,38,0,0,0,0,0,0,0,2621.45454545455,85.0909090909091,728.727272727273,12.5454545454545
2019,35,2019-08-25,2019-08-31,0,1,3,3,0,0,0,0,412,2,0,1,103,0,5,11,0,0,0,2,0,0,7,0,0,0,0,3,2,0,31,0,0,0,0,0,0,0,2509.63636363636,76.9090909090909,671.636363636364,12.1818181818182
2019,36,2019-09-01,2019-09-07,0,0,0,0,1,0,0,0,326,1,0,1,97,0,2,8,0,0,0,1,0,0,6,0,0,0,0,0,4,0,36,0,0,0,0,0,0,0,2392.72727272727,72.7272727272727,609.636363636364,11.2727272727273
2019,37,2019-09-08,2019-09-14,0,0,1,1,2,0,0,0,314,3,1,2,117,0,2,8,0,0,0,0,0,2,8,1,1,0,0,1,2,0,29,0,3,0,0,0,0,0,2285.81818181818,78.9090909090909,538.545454545455,11.0909090909091
2019,38,2019-09-15,2019-09-21,0,0,0,2,1,0,0,0,299,2,2,2,100,0,0,7,0,0,0,0,0,0,9,0,0,0,1,0,1,0,38,0,1,0,0,0,0,0,2719.81818181818,89.4545454545455,570.545454545455,14.5454545454545
2019,39,2019-09-22,2019-09-28,0,0,1,2,0,0,0,0,258,3,0,1,104,0,2,8,0,0,0,1,0,1,6,0,1,0,0,1,1,0,43,0,0,0,0,0,0,0,2564,88,577.636363636364,11.0909090909091
2019,40,2019-09-29,2019-10-05,0,0,2,0,2,0,0,0,243,3,0,2,88,0,0,7,0,0,0,1,0,0,6,0,0,1,0,2,2,0,45,0,0,0,0,0,0,0,2618.54545454545,71.4545454545455,572.363636363636,12.5454545454545
2019,41,2019-10-06,2019-10-12,0,0,0,1,0,0,0,0,227,1,2,4,105,0,2,6,0,0,0,0,0,0,8,1,1,0,0,0,2,0,37,0,0,0,0,0,0,0,2848,82.3636363636364,566.181818181818,6.36363636363636
2019,42,2019-10-13,2019-10-19,0,0,0,1,0,0,0,0,239,0,0,0,92,0,0,8,0,0,0,0,0,0,14,0,0,0,0,0,1,0,43,0,0,0,0,0,0,1,2987.09090909091,83.2727272727273,565.454545454545,12.5454545454545
2019,43,2019-10-20,2019-10-26,0,0,1,2,1,0,0,0,241,1,0,1,124,0,0,11,0,0,0,1,0,0,4,1,1,0,0,1,1,0,36,0,1,0,0,0,0,0,2952.36363636364,77.6363636363636,584.909090909091,8.54545454545454
2019,44,2019-10-27,2019-11-02,0,0,0,1,0,0,0,0,306,2,2,1,93,0,1,12,0,0,0,0,0,0,6,0,0,2,0,0,4,0,35,0,0,0,0,0,0,0,3208.22222222222,83.3333333333333,626.888888888889,12.6666666666667
2019,45,2019-11-03,2019-11-09,0,0,1,3,2,0,0,0,321,1,0,0,82,0,0,10,0,0,0,0,0,3,20,0,4,2,0,0,2,0,52,0,0,0,0,0,0,0,3155.63636363636,82.5454545454545,586,8.72727272727273
2019,46,2019-11-10,2019-11-16,0,0,1,2,1,0,0,0,372,1,0,0,95,0,0,8,0,0,0,0,0,0,9,0,1,0,0,0,1,1,33,0,0,0,0,0,0,0,3114.90909090909,80,581.090909090909,12.7272727272727
2019,47,2019-11-17,2019-11-23,0,1,2,1,2,0,0,0,328,2,2,1,98,0,1,5,0,0,0,1,0,0,11,1,0,2,0,0,4,0,37,0,0,0,0,0,0,0,3100.90909090909,77.0909090909091,559.454545454545,10.3636363636364
2019,48,2019-11-24,2019-11-30,0,1,1,1,0,0,0,0,295,0,1,0,111,0,0,10,0,0,0,1,0,2,10,1,1,0,1,0,2,0,35,0,0,0,0,0,0,0,2966,79.6363636363636,542.363636363636,9.45454545454546
2019,49,2019-12-01,2019-12-07,0,1,0,2,1,0,0,0,280,1,0,4,97,0,1,11,1,0,0,1,0,0,8,0,0,0,0,0,3,0,35,0,0,0,0,0,0,0,2965.63636363636,82.9090909090909,525.818181818182,7.45454545454545
2019,50,2019-12-08,2019-12-14,0,0,5,0,1,0,0,0,257,0,2,0,97,0,0,3,0,NA,0,0,0,0,3,0,1,0,1,2,0,0,34,0,0,0,0,0,0,0,3061.81818181818,87.8181818181818,489.636363636364,9.63636363636364
2019,51,2019-12-15,2019-12-21,0,0,0,2,2,0,0,0,226,0,1,1,63,0,0,10,0,0,0,1,0,1,5,0,2,3,0,1,3,0,36,0,0,0,0,0,0,0,3049.81818181818,82.9090909090909,510.727272727273,8.72727272727273
2019,52,2019-12-22,2019-12-28,0,0,0,0,0,0,0,0,290,0,2,2,75,0,0,6,1,0,0,0,0,0,19,1,0,1,0,0,2,0,33,0,0,0,0,0,0,1,3701,99,598,17.75
2020,1,2019-12-29,2020-01-04,0,0,1,2,1,0,0,0,302,1,1,3,85,0,0,7,0,0,0,1,0,0,15,2,0,0,2,1,3,0,19,0,0,0,0,0,0,0,3841.5,125.25,639.75,21
2020,2,2020-01-05,2020-01-11,0,1,2,1,0,0,0,0,342,1,1,1,82,0,1,11,0,0,0,2,0,0,9,1,0,0,0,0,3,0,25,0,0,0,0,0,0,0,3585.09090909091,108,604.181818181818,16.1818181818182
2020,3,2020-01-12,2020-01-18,0,0,2,1,1,0,0,0,402,2,1,1,112,0,2,9,1,0,0,2,0,0,8,0,0,2,0,1,2,0,26,0,0,0,0,0,0,0,3707.81818181818,105.818181818182,589.454545454545,15.0909090909091
2020,4,2020-01-19,2020-01-25,0,1,3,1,0,0,0,0,307,2,0,0,61,0,1,6,0,0,0,1,0,1,10,0,1,1,1,0,2,0,32,0,0,0,0,0,0,1,3810.66666666667,96.6666666666667,625.555555555556,12.6666666666667
2020,5,2020-01-26,2020-02-01,0,0,1,0,1,0,0,0,370,0,0,1,114,0,0,5,0,0,0,1,0,1,6,0,0,0,0,0,6,1,33,0,0,0,0,0,0,0,4728.44444444444,82.8888888888889,540.666666666667,15.5555555555556
2020,6,2020-02-02,2020-02-08,0,0,1,0,3,0,0,0,400,0,0,1,79,0,1,10,0,0,0,2,0,1,9,0,2,2,0,2,3,0,42,0,0,0,0,0,0,1,3791.45454545455,83.6363636363636,538.545454545455,10.9090909090909
2020,7,2020-02-09,2020-02-15,0,0,0,0,1,0,0,0,378,2,1,2,58,0,2,7,0,0,0,1,0,0,7,0,2,1,0,0,3,0,26,0,0,0,0,0,0,0,3149.81818181818,63.4545454545455,431.090909090909,10.9090909090909
2020,8,2020-02-16,2020-02-22,0,1,1,0,1,0,0,0,380,1,0,0,58,0,0,9,0,0,0,0,0,0,9,0,1,1,0,0,1,0,22,0,0,0,0,0,0,0,2825.81818181818,82.5454545454545,406.545454545455,9.09090909090909
2020,9,2020-02-23,2020-02-29,0,2,1,1,0,0,0,0,373,1,0,0,59,0,0,7,0,0,0,2,0,1,3,1,0,0,0,0,2,0,38,0,0,0,0,0,0,0,2473.09090909091,63.4545454545455,404.181818181818,10.7272727272727
2020,10,2020-03-01,2020-03-07,0,1,1,1,3,0,0,0,375,0,0,0,46,0,1,5,0,0,0,0,0,0,8,1,1,0,0,1,1,0,53,0,1,0,0,0,0,0,2317.09090909091,65.0909090909091,398.727272727273,10.5454545454545
2020,11,2020-03-08,2020-03-14,0,1,3,1,1,0,0,0,389,0,1,0,42,0,0,4,0,0,0,0,0,0,7,0,0,1,0,3,0,0,41,0,0,0,0,0,0,1,2288.18181818182,56.3636363636364,368.909090909091,7.81818181818182
2020,12,2020-03-15,2020-03-21,0,0,2,2,1,0,0,0,367,1,1,1,35,0,1,3,0,0,0,2,0,0,9,0,1,1,1,0,1,0,44,0,0,0,0,0,0,0,2378,46.1818181818182,367.454545454545,5.45454545454545
2020,13,2020-03-22,2020-03-28,0,0,0,0,0,0,0,0,377,0,0,0,22,0,1,7,0,0,0,0,0,1,4,0,2,1,0,0,1,0,32,0,0,0,0,0,0,0,2592.18181818182,50,344.181818181818,6.18181818181818
2020,14,2020-03-29,2020-04-04,0,2,3,1,1,0,0,0,315,0,0,0,22,0,0,5,0,0,0,3,0,0,11,0,2,0,0,1,2,0,20,0,0,0,0,0,0,0,2064.54545454545,45.4545454545455,258.727272727273,6.18181818181818
2020,15,2020-04-05,2020-04-11,0,0,0,0,1,0,0,0,341,2,0,0,6,0,0,2,0,0,0,1,0,0,5,0,0,0,0,0,0,0,17,0,0,0,0,0,0,0,1557.77777777778,37.5555555555556,179.111111111111,5.33333333333333
2020,16,2020-04-12,2020-04-18,0,0,2,1,1,0,0,0,360,0,1,0,4,0,0,3,0,0,0,0,0,0,9,0,0,0,0,1,1,0,17,0,0,0,0,0,0,0,1120.72727272727,32,140,3.09090909090909
2020,17,2020-04-19,2020-04-25,0,1,1,0,0,0,0,0,399,1,0,0,6,0,0,0,0,0,0,0,0,0,6,1,1,0,0,0,1,0,29,0,0,0,0,0,0,0,834.545454545455,34.1818181818182,135.454545454545,2.90909090909091
2020,18,2020-04-26,2020-05-02,0,0,1,1,1,0,0,0,390,0,0,0,2,0,0,6,0,0,0,1,0,0,4,0,0,0,0,1,0,0,18,0,0,0,0,0,0,0,682.888888888889,36,140,3.11111111111111
2020,19,2020-05-03,2020-05-09,0,0,0,0,0,0,0,0,502,5,0,0,5,0,0,7,0,0,0,1,0,0,4,1,0,0,0,0,1,0,22,0,0,0,0,0,0,0,619.555555555556,34.8888888888889,148.444444444444,2.88888888888889
2020,20,2020-05-10,2020-05-16,0,0,0,0,1,0,0,0,524,2,0,0,2,0,0,3,0,0,0,0,0,0,8,0,0,0,0,0,1,0,29,0,0,0,0,0,0,0,575.454545454545,32.5454545454545,141.090909090909,2.90909090909091
2020,21,2020-05-17,2020-05-23,0,0,1,0,1,0,0,0,618,1,0,0,4,0,0,3,0,0,0,2,0,0,3,0,0,1,0,0,0,0,43,0,0,0,0,0,0,0,504.909090909091,32.1818181818182,152.727272727273,1.27272727272727
2020,22,2020-05-24,2020-05-30,0,0,0,1,2,0,0,0,731,1,0,0,2,0,0,4,0,0,0,1,0,0,8,0,0,1,0,0,0,0,32,0,0,0,0,0,1,0,571.111111111111,35.7777777777778,141.111111111111,2.22222222222222
2020,23,2020-05-31,2020-06-06,0,0,0,1,0,0,0,0,868,0,0,0,1,0,0,6,0,0,0,2,0,0,12,0,1,0,0,0,0,0,29,0,0,0,0,0,0,1,268.181818181818,18.1818181818182,54.7272727272727,1.27272727272727
2020,24,2020-06-07,2020-06-13,0,0,0,0,0,0,0,0,1151,2,0,0,4,0,0,5,0,0,0,0,0,0,8,0,1,0,1,0,0,0,37,0,0,0,0,0,0,0,839.454545454545,39.8181818181818,199.454545454545,1.27272727272727
2020,25,2020-06-14,2020-06-20,0,0,0,0,1,0,0,0,1370,2,0,0,5,0,0,4,0,0,0,1,0,0,8,1,1,0,1,0,0,0,41,0,0,0,0,0,0,0,808.181818181818,40,216.181818181818,2.18181818181818
2020,26,2020-06-21,2020-06-27,0,0,0,0,0,0,0,0,1465,3,0,0,12,0,0,8,0,0,0,0,0,0,9,1,0,1,0,0,0,0,34,0,0,0,0,0,0,0,828.727272727273,48.3636363636364,261.090909090909,2.36363636363636
2020,27,2020-06-28,2020-07-04,NA,NA,NA,NA,NA,NA,NA,NA,NA,NA,NA,NA,NA,NA,NA,NA,NA,NA,NA,NA,NA,NA,NA,NA,NA,NA,NA,NA,NA,NA,NA,NA,NA,NA,NA,NA,NA,NA,NA,NA,NA,NA
2020,28,2020-07-05,2020-07-11,NA,NA,NA,NA,NA,NA,NA,NA,NA,NA,NA,NA,NA,NA,NA,NA,NA,NA,NA,NA,NA,NA,NA,NA,NA,NA,NA,NA,NA,NA,NA,NA,NA,NA,NA,NA,NA,NA,NA,NA,NA,NA
2020,29,2020-07-12,2020-07-18,NA,NA,NA,NA,NA,NA,NA,NA,NA,NA,NA,NA,NA,NA,NA,NA,NA,NA,NA,NA,NA,NA,NA,NA,NA,NA,NA,NA,NA,NA,NA,NA,NA,NA,NA,NA,NA,NA,NA,NA,NA,NA
2020,30,2020-07-19,2020-07-25,NA,NA,NA,NA,NA,NA,NA,NA,NA,NA,NA,NA,NA,NA,NA,NA,NA,NA,NA,NA,NA,NA,NA,NA,NA,NA,NA,NA,NA,NA,NA,NA,NA,NA,NA,NA,NA,NA,NA,NA,NA,NA
2020,31,2020-07-26,2020-08-01,NA,NA,NA,NA,NA,NA,NA,NA,NA,NA,NA,NA,NA,NA,NA,NA,NA,NA,NA,NA,NA,NA,NA,NA,NA,NA,NA,NA,NA,NA,NA,NA,NA,NA,NA,NA,NA,NA,NA,NA,NA,NA
2020,32,2020-08-02,2020-08-08,NA,NA,NA,NA,NA,NA,NA,NA,NA,NA,NA,NA,NA,NA,NA,NA,NA,NA,NA,NA,NA,NA,NA,NA,NA,NA,NA,NA,NA,NA,NA,NA,NA,NA,NA,NA,NA,NA,NA,NA,NA,NA
2020,33,2020-08-09,2020-08-15,NA,NA,NA,NA,NA,NA,NA,NA,NA,NA,NA,NA,NA,NA,NA,NA,NA,NA,NA,NA,NA,NA,NA,NA,NA,NA,NA,NA,NA,NA,NA,NA,NA,NA,NA,NA,NA,NA,NA,NA,NA,NA
2020,34,2020-08-16,2020-08-22,NA,NA,NA,NA,NA,NA,NA,NA,NA,NA,NA,NA,NA,NA,NA,NA,NA,NA,NA,NA,NA,NA,NA,NA,NA,NA,NA,NA,NA,NA,NA,NA,NA,NA,NA,NA,NA,NA,NA,NA,NA,NA
2020,35,2020-08-23,2020-08-29,NA,NA,NA,NA,NA,NA,NA,NA,NA,NA,NA,NA,NA,NA,NA,NA,NA,NA,NA,NA,NA,NA,NA,NA,NA,NA,NA,NA,NA,NA,NA,NA,NA,NA,NA,NA,NA,NA,NA,NA,NA,NA
2020,36,2020-08-30,2020-09-05,NA,NA,NA,NA,NA,NA,NA,NA,NA,NA,NA,NA,NA,NA,NA,NA,NA,NA,NA,NA,NA,NA,NA,NA,NA,NA,NA,NA,NA,NA,NA,NA,NA,NA,NA,NA,NA,NA,NA,NA,NA,NA
2020,37,2020-09-06,2020-09-12,NA,NA,NA,NA,NA,NA,NA,NA,NA,NA,NA,NA,NA,NA,NA,NA,NA,NA,NA,NA,NA,NA,NA,NA,NA,NA,NA,NA,NA,NA,NA,NA,NA,NA,NA,NA,NA,NA,NA,NA,NA,NA
2020,38,2020-09-13,2020-09-19,NA,NA,NA,NA,NA,NA,NA,NA,NA,NA,NA,NA,NA,NA,NA,NA,NA,NA,NA,NA,NA,NA,NA,NA,NA,NA,NA,NA,NA,NA,NA,NA,NA,NA,NA,NA,NA,NA,NA,NA,NA,NA
2020,39,2020-09-20,2020-09-26,NA,NA,NA,NA,NA,NA,NA,NA,NA,NA,NA,NA,NA,NA,NA,NA,NA,NA,NA,NA,NA,NA,NA,NA,NA,NA,NA,NA,NA,NA,NA,NA,NA,NA,NA,NA,NA,NA,NA,NA,NA,NA
2020,40,2020-09-27,2020-10-03,NA,NA,NA,NA,NA,NA,NA,NA,NA,NA,NA,NA,NA,NA,NA,NA,NA,NA,NA,NA,NA,NA,NA,NA,NA,NA,NA,NA,NA,NA,NA,NA,NA,NA,NA,NA,NA,NA,NA,NA,NA,NA
2020,41,2020-10-04,2020-10-10,NA,NA,NA,NA,NA,NA,NA,NA,NA,NA,NA,NA,NA,NA,NA,NA,NA,NA,NA,NA,NA,NA,NA,NA,NA,NA,NA,NA,NA,NA,NA,NA,NA,NA,NA,NA,NA,NA,NA,NA,NA,NA
2020,42,2020-10-11,2020-10-17,NA,NA,NA,NA,NA,NA,NA,NA,NA,NA,NA,NA,NA,NA,NA,NA,NA,NA,NA,NA,NA,NA,NA,NA,NA,NA,NA,NA,NA,NA,NA,NA,NA,NA,NA,NA,NA,NA,NA,NA,NA,NA
2020,43,2020-10-18,2020-10-24,NA,NA,NA,NA,NA,NA,NA,NA,NA,NA,NA,NA,NA,NA,NA,NA,NA,NA,NA,NA,NA,NA,NA,NA,NA,NA,NA,NA,NA,NA,NA,NA,NA,NA,NA,NA,NA,NA,NA,NA,NA,NA
2020,44,2020-10-25,2020-10-31,NA,NA,NA,NA,NA,NA,NA,NA,NA,NA,NA,NA,NA,NA,NA,NA,NA,NA,NA,NA,NA,NA,NA,NA,NA,NA,NA,NA,NA,NA,NA,NA,NA,NA,NA,NA,NA,NA,NA,NA,NA,NA
2020,45,2020-11-01,2020-11-07,NA,NA,NA,NA,NA,NA,NA,NA,NA,NA,NA,NA,NA,NA,NA,NA,NA,NA,NA,NA,NA,NA,NA,NA,NA,NA,NA,NA,NA,NA,NA,NA,NA,NA,NA,NA,NA,NA,NA,NA,NA,NA
2020,46,2020-11-08,2020-11-14,NA,NA,NA,NA,NA,NA,NA,NA,NA,NA,NA,NA,NA,NA,NA,NA,NA,NA,NA,NA,NA,NA,NA,NA,NA,NA,NA,NA,NA,NA,NA,NA,NA,NA,NA,NA,NA,NA,NA,NA,NA,NA
2020,47,2020-11-15,2020-11-21,NA,NA,NA,NA,NA,NA,NA,NA,NA,NA,NA,NA,NA,NA,NA,NA,NA,NA,NA,NA,NA,NA,NA,NA,NA,NA,NA,NA,NA,NA,NA,NA,NA,NA,NA,NA,NA,NA,NA,NA,NA,NA
2020,48,2020-11-22,2020-11-28,NA,NA,NA,NA,NA,NA,NA,NA,NA,NA,NA,NA,NA,NA,NA,NA,NA,NA,NA,NA,NA,NA,NA,NA,NA,NA,NA,NA,NA,NA,NA,NA,NA,NA,NA,NA,NA,NA,NA,NA,NA,NA
2020,49,2020-11-29,2020-12-05,NA,NA,NA,NA,NA,NA,NA,NA,NA,NA,NA,NA,NA,NA,NA,NA,NA,NA,NA,NA,NA,NA,NA,NA,NA,NA,NA,NA,NA,NA,NA,NA,NA,NA,NA,NA,NA,NA,NA,NA,NA,NA
2020,50,2020-12-06,2020-12-12,NA,NA,NA,NA,NA,NA,NA,NA,NA,NA,NA,NA,NA,NA,NA,NA,NA,NA,NA,NA,NA,NA,NA,NA,NA,NA,NA,NA,NA,NA,NA,NA,NA,NA,NA,NA,NA,NA,NA,NA,NA,NA
2020,51,2020-12-13,2020-12-19,NA,NA,NA,NA,NA,NA,NA,NA,NA,NA,NA,NA,NA,NA,NA,NA,NA,NA,NA,NA,NA,NA,NA,NA,NA,NA,NA,NA,NA,NA,NA,NA,NA,NA,NA,NA,NA,NA,NA,NA,NA,NA
2020,52,2020-12-20,2020-12-26,NA,NA,NA,NA,NA,NA,NA,NA,NA,NA,NA,NA,NA,NA,NA,NA,NA,NA,NA,NA,NA,NA,NA,NA,NA,NA,NA,NA,NA,NA,NA,NA,NA,NA,NA,NA,NA,NA,NA,NA,NA,NA
2020,53,2020-12-27,2021-01-02,NA,NA,NA,NA,NA,NA,NA,NA,NA,NA,NA,NA,NA,NA,NA,NA,NA,NA,NA,NA,NA,NA,NA,NA,NA,NA,NA,NA,NA,NA,NA,NA,NA,NA,NA,NA,NA,NA,NA,NA,NA,NA
